"GEO LEVEL","GEO COMPARISON","YEAR","GEO UNIT","ST","STATE","ST_ABBR","STCNTY","COUNTY","FIPS","E_TOTPOP","M_TOTPOP","E_HU","M_HU","E_HH","M_HH","E_POV150","M_POV150","E_UNEMP","M_UNEMP","E_HBURD","M_HBURD","E_NOHSDP","M_NOHSDP","E_UNINSUR","M_UNINSUR","E_AGE65","M_AGE65","E_AGE17","M_AGE17","E_DISABL","M_DISABL","E_SNGPNT","M_SNGPNT","E_LIMENG","M_LIMENG","E_MINRTY","M_MINRTY","E_MUNIT","M_MUNIT","E_MOBILE","M_MOBILE","E_CROWD","M_CROWD","E_NOVEH","M_NOVEH","E_GROUPQ","M_GROUPQ","EP_POV150","MP_POV150","EP_UNEMP","MP_UNEMP","EP_HBURD","MP_HBURD","EP_NOHSDP","MP_NOHSDP","EP_UNINSUR","MP_UNINSUR","EP_AGE65","MP_AGE65","EP_AGE17","MP_AGE17","EP_DISABL","MP_DISABL","EP_SNGPNT","MP_SNGPNT","EP_LIMENG","MP_LIMENG","EP_MINRTY","MP_MINRTY","EP_MUNIT","MP_MUNIT","EP_MOBILE","MP_MOBILE","EP_CROWD","MP_CROWD","EP_NOVEH","MP_NOVEH","EP_GROUPQ","MP_GROUPQ","EPL_POV150","EPL_UNEMP","EPL_HBURD","EPL_NOHSDP","EPL_UNINSUR","SPL_THEME1","RPL_THEME1","EPL_AGE65","EPL_AGE17","EPL_DISABL","EPL_SNGPNT","EPL_LIMENG","SPL_THEME2","RPL_THEME2","EPL_MINRTY","SPL_THEME3","RPL_THEME3","EPL_MUNIT","EPL_MOBILE","EPL_CROWD","EPL_NOVEH","EPL_GROUPQ","SPL_THEME4","RPL_THEME4","SPL_THEMES","RPL_THEMES","F_POV150","F_UNEMP","F_HBURD","F_NOHSDP","F_UNINSUR","F_THEME1","F_AGE65","F_AGE17","F_DISABL","F_SNGPNT","F_LIMENG","F_THEME2","F_MINRTY","F_THEME3","F_MUNIT","F_MOBILE","F_CROWD","F_NOVEH","F_GROUPQ","F_THEME4","F_Total","E_DAYPOP","E_NOINT","M_NOINT","E_AFAM","M_AFAM","E_HISP","M_HISP","E_ASIAN","M_ASIAN","E_AIAN","M_AIAN","E_NHPI","M_NHPI","E_TWOMORE","M_TWOMORE","E_OTHERRACE","M_OTHERRACE","EP_NOINT","MP_NOINT","EP_AFAM","MP_AFAM","EP_HISP","MP_HISP","EP_ASIAN","MP_ASIAN","EP_AIAN","MP_AIAN","EP_NHPI","MP_NHPI","EP_TWOMORE","MP_TWOMORE","EP_OTHERRACE","MP_OTHERRACE"
"County","state","2020","county","18","Indiana","IN","18001","Adams County","18001","35544","0","13328","106","12512","261","10299","1244","482","150","2681","360","3193","475","6831","775","5451","51","11176","40","3984","454","574","187","389","193","2383","182","731","176","446","163","474","143","1444","215","575","268","29.5","3.6","3","0.9","21.4","2.8","15","2.2","19.5","2.2","15.3","0.1","31.4","0.1","11.3","1.3","4.6","1.5","1.2","0.6","6.7","0.5","5.5","1.3","3.3","1.2","3.8","1.1","11.5","1.7","1.6","0.8","0.9231","0.1429","0.5275","0.8791","0.978","3.4506","0.8571","0.1099","0.989","0.0769","0.2088","0.8022","2.1868","0.3187","0.4835","0.4835","0.4835","0.7363","0.1429","0.956","0.978","0.4835","3.2967","0.8242","9.4176","0.7253","1","0","0","0","1","2","0","1","0","0","0","1","0","0","0","0","1","1","0","2","","32590","10701","1254","352","78","1626","0","91","43","17","25","0","26","188","83","109","109","30.6","0.2","1","0.2","4.6","0","0.3","0.1","0","0.1","0","0.1","0.5","0.2","0.3","0.4"
"County","state","2020","county","18","Indiana","IN","18003","Allen County","18003","375520","0","159424","213","147043","838","81275","3144","9760","911","31632","1354","24743","1270","29921","1914","54745","42","96482","44","47056","1468","11274","709","6868","678","100798","1884","15391","1031","5119","476","2123","333","8465","742","5586","473","22","0.9","5","0.5","21.5","0.9","10.1","0.5","8","0.5","14.6","0.1","25.7","0","12.7","0.4","7.7","0.5","2","0.2","26.8","0.5","9.7","0.6","3.2","0.3","1.4","0.2","5.8","0.5","1.5","0.1","0.5604","0.7473","0.978","0.3846","0.6264","3.2967","0.7802","0.0769","0.9231","0.1538","0.8791","0.9011","2.934","0.7802","0.967","0.967","0.967","0.9341","0.1319","0.4066","0.6374","0.4066","2.5166","0.5714","9.7143","0.7912","0","0","1","0","0","1","0","1","0","0","1","2","1","1","1","0","0","0","0","1","","407538","36296","2150","41860","1179","28676","0","15692","478","485","150","124","67","13033","1271","928","928","9.8","0","11.1","0.3","7.6","0","4.2","0.1","0.1","0.1","0","0.1","3.5","0.3","0.2","0.1"
"County","state","2020","county","18","Indiana","IN","18005","Bartholomew County","18005","83280","0","34480","90","31772","473","16210","1664","1850","362","5836","536","5646","781","6406","837","13396","166","19937","57","11656","921","1977","387","954","272","16166","591","2665","356","2123","393","671","200","1543","334","993","203","19.7","2","4.4","0.9","18.4","1.7","10","1.4","7.8","1","16.1","0.2","23.9","0.1","14.1","1.1","6.2","1.2","1.2","0.3","19.4","0.7","7.7","1","6.2","1.1","2.1","0.6","4.9","1","1.2","0.2","0.4396","0.5604","0.7692","0.3736","0.5824","2.7252","0.6044","0.1648","0.7473","0.3516","0.6154","0.8022","2.6813","0.6593","0.9121","0.9121","0.9121","0.8681","0.4615","0.6813","0.4505","0.2418","2.7032","0.6374","9.0218","0.6813","0","0","0","0","0","0","0","0","0","0","0","0","1","1","0","0","0","0","0","0","","93194","9878","1293","1259","214","6018","0","6579","249","103","54","0","29","1828","323","379","379","12","0","1.5","0.3","7.2","0","7.9","0.3","0.1","0.1","0","0.1","2.2","0.4","0.5","0.4"
"County","state","2020","county","18","Indiana","IN","18007","Benton County","18007","8695","0","3917","49","3435","119","2525","300","143","61","678","118","615","103","784","181","1536","22","2173","17","1596","165","286","79","40","59","681","47","65","30","116","61","96","46","142","55","119","73","29.5","3.5","3.3","1.4","19.7","3.4","10.5","1.8","9.1","2.1","17.7","0.2","25","0.2","18.5","1.9","8.3","2.3","0.5","0.7","7.8","0.5","1.7","0.8","3","1.5","2.8","1.3","4.1","1.6","1.4","0.8","0.9231","0.1978","0.033","0.4396","0.7692","2.3627","0.3956","0.4725","0.8791","0.8462","0.9451","0.4176","3.5605","0.989","0.5275","0.5275","0.5275","0.1319","0.1099","0.8571","0.3077","0.3516","1.7582","0.1648","8.2089","0.5824","1","0","0","0","0","1","0","0","0","1","0","1","0","0","0","0","0","0","0","0","","7112","1049","193","50","29","473","0","7","9","0","17","13","13","138","29","0","0","12.2","0.1","0.6","0.3","5.4","0","0.1","0.1","0","0.4","0.1","0.1","1.6","0.3","0","0.4"
"County","state","2020","county","18","Indiana","IN","18009","Blackford County","18009","11926","0","6013","27","5105","192","3481","482","321","117","1333","262","754","151","597","164","2546","31","2618","30","2515","299","261","93","11","76","552","107","224","102","296","98","54","44","542","171","149","37","29.7","4.1","6.1","2.2","26.1","5","8.9","1.8","5.1","1.4","21.3","0.3","22","0.3","21.4","2.5","5.1","1.8","0.1","0.7","4.6","0.9","3.7","1.7","4.9","1.6","1.1","0.9","10.6","3.2","1.2","0.3","0.967","0.9231","0.1758","0.2088","0.1538","2.4285","0.4286","0.978","0.3407","0.978","0.3297","0.0549","2.6813","0.6593","0.1319","0.1319","0.1319","0.4835","0.3297","0.2418","0.967","0.2418","2.2638","0.4176","7.5055","0.4066","1","1","0","0","0","2","1","0","1","0","0","2","0","0","0","0","0","1","0","1","","9951","2141","491","52","66","207","0","39","46","29","34","0","19","225","59","0","0","18.2","0.1","0.4","0.6","1.7","0","0.3","0.4","0.2","0.3","0","0.3","1.9","0.5","0","0.3"
"County","state","2020","county","18","Indiana","IN","18011","Boone County","18011","66875","0","27574","93","25822","464","6550","830","1214","341","4606","523","2401","401","3016","628","8812","80","17618","67","6213","694","1454","367","565","209","6724","369","2088","368","901","181","177","100","777","185","647","191","9.9","1.3","3.4","0.9","17.8","2","5.4","0.9","4.6","0.9","13.2","0.1","26.3","0.1","9.4","1","5.6","1.4","0.9","0.3","10.1","0.6","7.6","1.3","3.3","0.7","0.7","0.4","3","0.7","1","0.3","0.022","0.2308","0.7253","0.011","0.0659","1.055","0.033","0.044","0.9451","0.011","0.4505","0.7143","2.1649","0.3077","0.6593","0.6593","0.6593","0.8462","0.1429","0.0549","0.1099","0.1319","1.2858","0.0549","5.165","0.0769","0","0","0","0","0","0","0","1","0","0","0","1","0","0","0","0","0","0","0","0","","65741","4524","759","1177","158","2108","0","2116","200","74","41","0","29","1187","248","62","62","6.8","0","1.8","0.2","3.2","0","3.2","0.3","0.1","0.1","0","0.1","1.8","0.4","0.1","0.1"
"County","state","2020","county","18","Indiana","IN","18013","Brown County","18013","15093","0","8736","65","6372","291","2533","547","327","114","1525","274","763","148","1287","286","3671","60","2668","78","2143","346","333","139","51","83","693","136","277","87","557","187","255","144","124","69","143","133","17","3.7","4.2","1.5","23.9","4.2","6.6","1.3","8.6","1.9","24.3","0.4","17.7","0.5","14.3","2.3","5.2","2.2","0.4","0.6","4.6","0.9","3.2","1","6.4","2.1","4","2.3","1.9","1.1","0.9","0.9","0.2418","0.4945","0.2308","0.0549","0.7363","1.7583","0.2747","1","0.011","0.3846","0.3407","0.3407","2.077","0.2418","0.1319","0.1319","0.1319","0.4176","0.4725","0.967","0.011","0.0659","1.934","0.2637","5.9012","0.1758","0","0","0","0","0","0","1","0","0","0","0","1","0","0","0","0","1","0","0","1","","10549","1934","404","184","88","272","0","29","31","0","19","0","19","208","96","0","0","12.9","0.1","1.2","0.6","1.8","0","0.2","0.2","0","0.2","0","0.2","1.4","0.6","0","0.2"
"County","state","2020","county","18","Indiana","IN","18015","Carroll County","18015","20137","0","9643","56","8123","222","3425","505","258","98","1348","224","1693","254","1928","469","3943","51","4475","0","3013","330","382","101","57","101","1300","118","165","70","552","151","131","54","305","108","115","33","17.2","2.5","2.6","1","16.6","2.7","12","1.8","9.6","2.3","19.6","0.3","22.2","0","15","1.6","4.7","1.2","0.3","0.5","6.5","0.6","1.7","0.7","5.7","1.6","1.6","0.7","3.8","1.3","0.6","0.2","0.2637","0.0659","0.1868","0.6703","0.8022","1.9889","0.3187","0.7912","0.4176","0.4835","0.2198","0.2198","2.1319","0.2747","0.4505","0.4505","0.4505","0.1319","0.3956","0.5165","0.2088","0.022","1.2748","0.044","5.8461","0.1648","0","0","0","0","0","0","0","0","0","0","0","0","0","0","0","0","0","0","0","0","","15097","3420","529","115","75","867","0","40","44","22","28","0","23","232","66","24","24","17.1","0","0.6","0.4","4.3","0","0.2","0.2","0.1","0.1","0","0.2","1.2","0.3","0.1","0.2"
"County","state","2020","county","18","Indiana","IN","18017","Cass County","18017","37727","0","16362","135","14950","269","9702","987","827","198","2745","287","3827","393","3018","462","6648","94","8697","29","5452","485","1037","260","1177","283","7918","378","365","127","822","161","237","106","846","193","1242","323","26.5","2.7","4.4","1.1","18.4","1.9","14.8","1.5","8.2","1.3","17.6","0.3","23.1","0.1","14.8","1.3","6.9","1.7","3.3","0.8","21","1","2.2","0.8","5","1","1.6","0.7","5.7","1.3","3.3","0.9","0.8242","0.5604","0.5385","0.8462","0.6593","3.4286","0.8352","0.4396","0.6044","0.4505","0.7912","0.967","3.2527","0.9121","0.9231","0.9231","0.9231","0.2418","0.3516","0.5165","0.6264","0.7582","2.4945","0.5604","10.0989","0.8571","0","0","0","0","0","0","0","0","0","0","1","1","1","1","0","0","0","0","0","0","","35338","6712","912","428","129","5922","0","534","197","112","48","18","34","864","267","40","40","18.4","0.2","1.1","0.3","15.7","0","1.4","0.5","0.3","0.1","0","0.1","2.3","0.7","0.1","0.1"
"County","state","2020","county","18","Indiana","IN","18019","Clark County","18019","117410","0","51138","164","45024","646","21888","1499","2532","384","9956","757","7953","741","7562","797","18308","126","26446","53","15536","848","2588","328","1071","293","20654","1115","3938","489","2766","411","687","247","2033","323","1651","370","19","1.3","4.1","0.6","22.1","1.7","9.8","0.9","6.5","0.7","15.6","0.1","22.5","0","13.4","0.7","5.7","0.7","1","0.3","17.6","0.9","7.7","1","5.4","0.8","1.5","0.5","4.5","0.7","1.4","0.3","0.4066","0.4725","0.8352","0.3297","0.3077","2.3517","0.3846","0.1319","0.4945","0.2418","0.4835","0.7582","2.1099","0.2527","0.8791","0.8791","0.8791","0.8681","0.3846","0.4396","0.3626","0.3516","2.4065","0.4505","7.7472","0.4835","0","0","0","0","0","0","0","0","0","0","0","0","0","0","0","0","0","0","0","0","","114471","17941","1783","7386","673","6450","0","1069","164","47","63","16","26","5129","734","557","557","15.5","0.1","6.3","0.6","5.5","0","0.9","0.1","0","0.1","0","0.1","4.4","0.6","0.5","0.4"
"County","state","2020","county","18","Indiana","IN","18021","Clay County","18021","26231","0","11773","77","10454","312","5190","745","580","153","1678","303","1680","326","1227","331","4823","88","6097","92","4886","527","802","209","112","114","1142","168","243","105","1164","256","216","111","403","110","571","189","20.4","2.9","4.6","1.2","16.1","2.9","9.2","1.8","4.8","1.3","18.4","0.3","23.2","0.4","19","2","7.7","2","0.5","0.5","4.4","0.6","2.1","0.9","9.9","2.2","2.1","1.1","3.9","1.1","2.2","0.7","0.4725","0.6703","0.2747","0.2527","0.0879","1.7581","0.2637","0.6374","0.6154","0.9011","0.8791","0.4176","3.4506","0.956","0.0879","0.0879","0.0879","0.2198","0.7033","0.6813","0.2527","0.6923","2.5494","0.5934","7.846","0.4945","0","0","0","0","0","0","0","0","1","0","0","1","0","0","0","0","0","0","0","0","","22428","3961","684","151","63","393","0","66","31","41","36","6","11","482","147","3","3","15.4","0.1","0.6","0.2","1.5","0","0.3","0.1","0.2","0.1","0","0.1","1.8","0.6","0","0.1"
"County","state","2020","county","18","Indiana","IN","18023","Clinton County","18023","32186","0","13376","79","12144","237","6996","721","564","143","2614","307","2807","297","3069","501","5286","110","8439","33","4122","432","663","193","1096","229","5854","127","585","157","510","134","237","102","742","175","589","160","22.3","2.3","3.6","0.9","21.5","2.5","13.2","1.4","9.7","1.6","16.4","0.3","26.2","0.1","13","1.4","5.5","1.6","3.7","0.8","18.2","0.4","4.4","1.2","3.8","1","2","0.8","6.1","1.4","1.8","0.5","0.5714","0.3297","0.5055","0.7802","0.8242","3.011","0.7033","0.2308","0.9341","0.2088","0.4066","1","2.7803","0.7363","0.9011","0.9011","0.9011","0.5824","0.2198","0.6703","0.7033","0.5714","2.7472","0.6703","9.4396","0.7363","0","0","0","0","0","0","0","1","0","0","1","2","1","1","0","0","0","0","0","0","","26147","5803","753","185","72","5174","0","92","42","1","2","12","16","368","92","22","22","18.4","0.1","0.6","0.2","16.1","0","0.3","0.1","0","0.1","0","0.1","1.1","0.3","0.1","0.1"
"County","state","2020","county","18","Indiana","IN","18025","Crawford County","18025","10582","0","5568","52","4117","177","3245","495","130","72","789","168","1283","241","766","195","2107","49","2360","65","1900","197","139","68","7","74","442","84","51","23","1383","213","85","42","181","73","105","125","31.2","4.7","2.9","1.6","19.2","4","17.2","3.2","7.3","1.8","19.9","0.5","22.3","0.6","18.1","1.9","3.4","1.6","0.1","0.7","4.2","0.8","0.9","0.4","24.8","3.9","2.1","1","4.4","1.7","1","1.2","0.978","0.1209","0.0659","0.956","0.4615","2.5823","0.5055","0.8681","0.4615","0.8242","0.0659","0.0549","2.2746","0.4066","0.0769","0.0769","0.0769","0.0549","1","0.6813","0.3516","0.1319","2.2197","0.3956","7.1535","0.3516","1","0","0","1","0","2","0","0","0","0","0","0","0","0","0","1","0","0","0","1","","7368","3001","473","40","54","169","0","0","19","13","20","0","19","209","56","11","11","28.6","0.3","0.4","0.5","1.6","0","0","0.3","0.1","0.2","0","0.3","2","0.5","0.1","0.2"
"County","state","2020","county","18","Indiana","IN","18027","Daviess County","18027","33277","0","12565","57","11354","226","7846","918","534","196","2233","331","4962","418","8378","808","5120","82","9758","30","4676","469","556","182","527","231","3482","557","503","103","1005","204","645","243","1795","258","586","131","24","2.8","3.5","1.3","19.7","2.9","24","2","25.6","2.5","15.4","0.2","29.3","0.1","14.3","1.4","4.9","1.6","1.7","0.8","10.5","1.7","4","0.8","8","1.6","5.7","2.1","15.8","2.2","1.8","0.4","0.6813","0.3077","0.4066","0.989","0.989","3.3736","0.8132","0.1209","0.978","0.3846","0.2857","0.8681","2.6373","0.6484","0.6703","0.6703","0.6703","0.5385","0.6154","1","0.989","0.5714","3.7143","0.967","10.3955","0.9231","0","0","0","1","1","2","0","1","0","0","0","1","0","0","0","0","1","1","0","2","","29266","8950","1035","571","115","1777","0","76","51","0","26","8","20","945","520","105","105","27.4","0.1","1.7","0.3","5.3","0","0.2","0.2","0","0.1","0","0.1","2.8","1.6","0.3","0.5"
"County","state","2020","county","18","Indiana","IN","18029","Dearborn County","18029","49612","0","20596","74","19279","288","7353","869","884","188","3942","446","3361","362","2452","499","8676","67","11170","52","6696","653","1169","266","94","107","1910","247","1049","230","704","183","170","78","787","198","565","147","15","1.8","3.4","0.7","20.4","2.3","9.7","1","5","1","17.5","0.1","22.5","0.1","13.6","1.3","6.1","1.4","0.2","0.2","3.8","0.5","5.1","1.1","3.4","0.9","0.9","0.4","4.1","1","1.1","0.3","0.0989","0.2308","0.7033","0.3077","0.1209","1.4616","0.1868","0.4286","0.4945","0.3077","0.5824","0.1538","1.967","0.1868","0.033","0.033","0.033","0.6813","0.1758","0.1538","0.3077","0.2088","1.5274","0.1209","4.989","0.0549","0","0","0","0","0","0","0","0","0","0","0","0","0","0","0","0","0","0","0","0","","39345","5183","754","333","179","667","0","275","48","32","32","34","49","546","148","23","23","10.6","0","0.7","0.4","1.3","0","0.6","0.1","0.1","0.1","0.1","0.1","1.1","0.3","0","0.1"
"County","state","2020","county","18","Indiana","IN","18031","Decatur County","18031","26587","0","11436","59","10241","256","4488","688","548","138","1876","290","1489","273","1545","373","4452","81","6379","73","3207","315","291","109","23","87","1428","159","635","228","521","148","85","56","432","149","393","138","17.2","2.6","4","1","18.3","2.8","8.3","1.5","5.9","1.4","16.7","0.3","24","0.3","12.2","1.2","2.8","1.1","0.1","0.3","5.4","0.6","5.6","2","4.6","1.3","0.8","0.5","4.2","1.4","1.5","0.5","0.2637","0.4286","0.3297","0.1648","0.2418","1.4286","0.1538","0.3077","0.7802","0.0989","0.011","0.0549","1.2527","0.011","0.3077","0.3077","0.3077","0.7582","0.2857","0.0879","0.3297","0.4066","1.8681","0.2418","4.8571","0.033","0","0","0","0","0","0","0","0","0","0","0","0","0","0","0","0","0","0","0","0","","26849","3607","662","39","37","550","0","492","91","0","23","0","23","260","90","87","87","13.8","0.1","0.1","0.1","2.1","0","1.9","0.3","0","0.1","0","0.1","1","0.3","0.3","0.3"
"County","state","2020","county","18","Indiana","IN","18033","Dekalb County","18033","43193","0","18162","82","16904","245","7136","695","822","224","2856","365","2624","312","3050","600","6941","53","10473","95","5454","522","989","224","106","115","2180","174","764","217","1583","268","193","86","832","195","448","142","16.7","1.6","3.7","1","16.9","2.1","9","1.1","7.1","1.4","16.1","0.1","24.2","0.2","12.7","1.2","5.9","1.3","0.3","0.3","5","0.4","4.2","1.2","8.7","1.5","1.1","0.5","4.9","1.2","1","0.3","0.2088","0.4066","0.5824","0.2308","0.4176","1.8462","0.2857","0.1648","0.7912","0.1538","0.5604","0.2198","1.89","0.1429","0.2088","0.2088","0.2088","0.5495","0.6703","0.2418","0.4505","0.1319","2.044","0.3077","5.989","0.1978","0","0","0","0","0","0","0","0","0","0","0","0","0","0","0","0","0","0","0","0","","43960","5944","799","165","106","1240","0","152","49","19","12","0","26","604","123","0","0","13.9","0","0.4","0.2","2.9","0","0.4","0.1","0","0.1","0","0.1","1.4","0.3","0","0.1"
"County","state","2020","county","18","Indiana","IN","18035","Delaware County","18035","114461","0","52677","286","46632","657","33369","1988","3586","512","12134","689","6956","596","8490","631","19584","92","20904","39","19776","1011","3422","445","330","158","15453","695","3982","496","2416","344","710","214","3608","403","7532","759","31.2","1.8","6.4","0.9","26","1.4","9.8","0.8","7.5","0.6","17.1","0.1","18.3","0","17.5","0.9","7.3","0.9","0.3","0.1","13.5","0.6","7.6","0.9","4.6","0.7","1.5","0.5","7.7","0.9","6.6","0.7","0.978","0.9341","0.8681","0.3297","0.5275","3.6374","0.9341","0.3516","0.022","0.7363","0.8132","0.2198","2.1429","0.2967","0.7802","0.7802","0.7802","0.8462","0.2857","0.4396","0.8462","0.8791","3.2968","0.8352","9.8573","0.8242","1","1","0","0","0","2","0","0","0","0","0","0","0","0","0","0","0","0","0","0","","114839","14739","1648","7651","412","2873","0","1595","227","94","53","56","61","3050","489","134","134","13.8","0.1","6.7","0.4","2.5","0","1.4","0.2","0.1","0.1","0","0.1","2.7","0.4","0.1","0.1"
"County","state","2020","county","18","Indiana","IN","18037","Dubois County","18037","42534","0","17936","89","16691","351","6047","872","496","210","2954","425","3065","398","1809","417","7364","51","10363","62","5246","589","741","214","453","279","4263","148","912","243","674","186","172","137","782","244","1019","211","14.5","2.1","2.2","0.9","17.7","2.5","10.6","1.4","4.3","1","17.3","0.1","24.4","0.1","12.6","1.4","4.4","1.3","1.1","0.7","10","0.3","5.1","1.4","3.8","1","1","0.8","4.7","1.4","2.4","0.5","0.0769","0.022","0.6154","0.4505","0.044","1.2088","0.0989","0.3736","0.8132","0.1429","0.1538","0.7802","2.2637","0.3956","0.6374","0.6374","0.6374","0.6813","0.2198","0.1868","0.3846","0.7033","2.1758","0.3736","6.2857","0.2418","0","0","0","0","0","0","0","0","0","0","0","0","0","0","0","0","0","0","0","0","","50517","4615","759","230","98","3380","0","308","26","1","2","0","26","307","97","37","37","11.1","0.1","0.5","0.2","7.9","0","0.7","0.1","0","0.1","0","0.1","0.7","0.2","0.1","0.1"
"County","state","2020","county","18","Indiana","IN","18039","Elkhart County","18039","205184","0","79389","210","72362","763","42597","2903","4518","548","15879","1014","24605","1161","30412","1860","29989","95","56611","0","25082","1156","5660","667","5048","641","52723","1147","6638","676","5528","612","1841","332","5967","529","3621","435","21.1","1.4","4.4","0.5","21.9","1.4","18.9","0.9","15","0.9","14.6","0.1","27.6","0","12.4","0.6","7.8","0.9","2.7","0.3","25.7","0.6","8.4","0.9","7","0.8","2.5","0.5","8.2","0.7","1.8","0.2","0.5385","0.5604","0.9121","0.967","0.967","3.945","0.989","0.0769","0.967","0.1209","0.9011","0.956","3.0219","0.8022","0.956","0.956","0.956","0.9231","0.5275","0.7692","0.9121","0.5714","3.7033","0.956","11.6262","1","0","0","1","1","1","3","0","1","0","1","1","3","1","1","1","0","0","1","0","2","","235624","28507","2127","10798","698","33339","0","1892","214","327","124","76","70","5854","781","437","437","14.1","0","5.3","0.3","16.2","0","0.9","0.1","0.2","0.1","0","0.1","2.9","0.4","0.2","0.1"
"County","state","2020","county","18","Indiana","IN","18041","Fayette County","18041","23068","0","10818","83","9686","263","6695","676","471","154","2357","310","2670","336","1861","362","4610","40","5079","0","4349","408","774","182","149","138","1359","326","531","179","664","191","135","76","636","166","440","185","29.5","3","4.4","1.4","24.3","3.1","16.5","2.1","8.2","1.6","20","0.2","22","0","19.1","1.8","8","1.9","0.7","0.6","5.9","1.4","4.9","1.7","6.1","1.8","1.4","0.8","6.6","1.7","1.9","0.8","0.9231","0.5604","0.4505","0.9341","0.6593","3.5274","0.8791","0.8901","0.3407","0.9121","0.9231","0.6044","3.6704","1","0.3626","0.3626","0.3626","0.6374","0.4505","0.4066","0.7582","0.6484","2.9011","0.7253","10.4615","0.9451","1","0","0","1","0","2","0","0","1","1","0","2","0","0","0","0","0","0","0","0","","20809","4032","646","577","115","297","0","10","19","44","57","0","23","428","301","3","3","17.8","0.1","2.5","0.5","1.3","0","0","0.1","0.2","0.2","0","0.2","1.9","1.3","0","0.1"
"County","state","2020","county","18","Indiana","IN","18043","Floyd County","18043","77879","23","33011","133","29264","430","12169","958","1645","340","5589","501","4862","518","3643","448","12540","69","17594","33","10560","757","1999","307","259","153","9722","475","2382","290","672","163","108","58","1712","308","1416","296","16","1.3","4.1","0.8","19.1","1.7","9","1","4.7","0.6","16.1","0.1","22.6","0","13.8","1","6.8","1","0.4","0.2","12.5","0.6","7.2","0.9","2","0.5","0.4","0.2","5.9","1","1.8","0.4","0.1648","0.4725","0.7473","0.2308","0.0769","1.6923","0.2418","0.1648","0.5165","0.3407","0.7692","0.3407","2.1319","0.2747","0.7253","0.7253","0.7253","0.8352","0.0659","0.022","0.6703","0.5714","2.1648","0.3626","6.7143","0.2857","0","0","0","0","0","0","0","0","0","0","0","0","0","0","0","0","0","0","0","0","","73268","11644","1381","3987","284","2664","2","869","129","183","76","0","29","2007","307","12","12","15.2","0.1","5.1","0.4","3.4","0.1","1.1","0.2","0.2","0.1","0","0.1","2.6","0.4","0","0.1"
"County","state","2020","county","18","Indiana","IN","18045","Fountain County","18045","16456","0","7937","42","6982","204","3337","494","427","127","1387","207","1305","243","1655","346","3259","23","3606","32","3148","292","377","123","102","90","803","63","91","50","824","183","59","30","326","87","144","33","20.5","3","5.4","1.6","19.9","2.9","11.3","2.1","10.1","2.1","19.8","0.1","21.9","0.2","19.3","1.8","5.4","1.8","0.7","0.6","4.9","0.4","1.1","0.6","10.4","2.3","0.8","0.4","4.7","1.2","0.9","0.2","0.4835","0.8022","0.1978","0.5604","0.8681","2.912","0.6374","0.8352","0.3297","0.9231","0.3626","0.6044","3.055","0.8571","0.1978","0.1978","0.1978","0.0989","0.7363","0.0879","0.3846","0.0659","1.3736","0.0879","7.5384","0.4286","0","0","0","0","0","0","0","0","1","0","0","1","0","0","0","0","0","0","0","0","","13247","2050","297","65","26","427","0","86","26","15","13","0","19","210","42","0","0","12.6","0","0.4","0.2","2.6","0","0.5","0.2","0.1","0.1","0","0.2","1.3","0.3","0","0.2"
"County","state","2020","county","18","Indiana","IN","18047","Franklin County","18047","22750","0","9802","56","8867","226","3679","576","283","106","1153","215","1764","302","1620","481","4144","17","5392","133","3056","325","486","148","189","137","762","181","177","57","1259","288","198","98","511","173","159","62","16.2","2.5","2.4","0.9","13","2.4","11.3","1.9","7.2","2.1","18.2","0.1","23.7","0.6","13.5","1.4","5.5","1.7","0.9","0.6","3.3","0.8","1.8","0.6","12.8","2.9","2.2","1.1","5.8","1.9","0.7","0.3","0.1978","0.044","0.1429","0.5604","0.4286","1.3737","0.1429","0.5824","0.7033","0.2747","0.4066","0.7143","2.6813","0.6593","0","0","0","0.1538","0.8462","0.7363","0.6374","0.033","2.4067","0.4725","6.4617","0.2637","0","0","0","0","0","0","0","0","0","0","0","0","0","0","0","0","0","0","0","0","","16141","3434","538","32","41","267","0","87","119","0","23","0","23","376","127","0","0","15.2","0","0.1","0.2","1.2","0","0.4","0.5","0","0.2","0","0.2","1.7","0.6","0","0.2"
"County","state","2020","county","18","Indiana","IN","18049","Fulton County","18049","20069","0","9743","47","7840","276","4519","603","678","174","1587","266","1811","347","1995","447","3958","67","4765","64","3102","380","282","109","154","111","1694","99","262","116","1005","178","78","49","392","117","203","89","23","3.1","6.9","1.7","20.2","3.3","13.1","2.5","10","2.3","19.7","0.3","23.7","0.3","15.6","1.9","3.6","1.4","0.8","0.6","8.4","0.5","2.7","1.2","10.3","1.8","1","0.6","5","1.5","1","0.4","0.6154","0.956","0.2418","0.7692","0.8571","3.4395","0.8462","0.8242","0.7033","0.5714","0.0769","0.6703","2.8461","0.7582","0.5714","0.5714","0.5714","0.3297","0.7253","0.1868","0.4835","0.1319","1.8572","0.2198","8.7142","0.6484","0","1","0","0","0","1","0","0","0","0","0","0","0","0","0","0","0","0","0","0","","16232","3100","579","135","46","1060","0","36","41","32","28","7","12","391","58","33","33","15.6","0.1","0.7","0.2","5.3","0","0.2","0.2","0.2","0.1","0","0.1","1.9","0.3","0.2","0.2"
"County","state","2020","county","18","Indiana","IN","18051","Gibson County","18051","33711","0","15337","67","13551","297","5957","697","519","161","2352","333","1733","253","1623","302","5861","73","8028","7","5105","522","778","150","143","125","2406","329","687","174","1822","257","391","145","513","135","838","145","18.1","2.1","3","0.9","17.4","2.4","7.6","1.1","4.9","0.9","17.4","0.2","23.8","0","15.4","1.6","5.7","1.1","0.5","0.4","7.1","1","4.5","1.1","11.9","1.7","2.9","1.1","3.8","1","2.5","0.4","0.3297","0.1429","0.4396","0.1099","0.1099","1.132","0.0659","0.3846","0.7253","0.5385","0.4835","0.4176","2.5495","0.5604","0.4945","0.4945","0.4945","0.5934","0.8022","0.8791","0.2088","0.7253","3.2088","0.7802","7.3848","0.3846","0","0","0","0","0","0","0","0","0","0","0","0","0","0","0","0","0","0","0","0","","36894","3604","469","782","199","568","0","122","32","5","8","0","26","890","257","39","39","11","0.1","2.3","0.6","1.7","0","0.4","0.1","0","0.1","0","0.1","2.6","0.8","0.1","0.1"
"County","state","2020","county","18","Indiana","IN","18053","Grant County","18053","66055","0","30489","292","26896","533","16957","1162","2282","408","6328","577","5271","565","5048","567","12542","77","13774","0","12579","774","1965","310","94","109","10167","500","1507","250","1818","285","432","178","2030","355","5717","640","28","1.9","7.3","1.3","23.5","2.1","12","1.3","7.7","0.9","19","0.1","20.9","0","19.3","1.2","7.3","1.1","0.2","0.2","15.4","0.8","4.9","0.8","6","0.9","1.6","0.7","7.5","1.3","8.7","1","0.8791","0.978","0.7912","0.6703","0.5714","3.89","0.978","0.6923","0.1319","0.9231","0.8132","0.1538","2.7143","0.6923","0.8022","0.8022","0.8022","0.6374","0.4286","0.5165","0.8132","0.956","3.3517","0.8571","10.7582","0.978","0","1","0","0","0","1","0","0","1","0","0","1","0","0","0","0","0","0","1","1","","65800","11290","1331","4622","320","2938","0","595","106","60","44","0","29","1900","361","52","52","18.7","0.2","7","0.5","4.4","0","0.9","0.2","0.1","0.1","0","0.1","2.9","0.5","0.1","0.1"
"County","state","2020","county","18","Indiana","IN","18055","Greene County","18055","32174","0","15290","50","12988","271","7454","764","825","235","2788","341","2736","336","2001","322","6264","61","6982","50","6247","493","625","159","135","134","1239","142","234","73","2673","308","449","128","614","144","302","94","23.5","2.4","5.5","1.5","21.5","2.6","12","1.5","6.3","1","19.5","0.2","21.7","0.2","19.6","1.5","4.8","1.2","0.4","0.4","3.9","0.4","1.5","0.5","17.5","2","3.5","1","4.7","1.1","0.9","0.3","0.6374","0.8352","0.5495","0.6703","0.2857","2.9781","0.6703","0.7582","0.2637","0.956","0.2637","0.3407","2.5823","0.5934","0.0549","0.0549","0.0549","0.1099","0.9451","0.9341","0.3846","0.0659","2.4396","0.5165","8.0549","0.5495","0","0","0","0","0","0","0","0","1","0","0","1","0","0","0","1","1","0","0","2","","25349","6602","790","110","45","531","0","50","40","0","26","20","28","528","123","0","0","20.7","0.1","0.3","0.1","1.7","0","0.2","0.1","0","0.1","0.1","0.1","1.6","0.4","0","0.1"
"County","state","2020","county","18","Indiana","IN","18057","Hamilton County","18057","330455","0","129573","139","123066","846","25736","2850","5113","661","21765","1452","6208","816","13886","1620","40737","136","89010","109","27783","1944","7105","797","3661","731","56098","1624","13060","1070","2049","369","1011","324","2665","400","1516","303","7.8","0.9","2.8","0.4","17.7","1.2","2.9","0.4","4.2","0.5","12.3","0.1","26.9","0","8.4","0.6","5.8","0.6","1.2","0.2","17","0.5","10.1","0.8","1.6","0.3","0.8","0.3","2.2","0.3","0.5","0.1","0","0.0989","0.956","0","0.033","1.0879","0.044","0.011","0.956","0","0.5275","0.8022","2.2967","0.4286","0.8681","0.8681","0.8681","0.9451","0.022","0.0879","0.033","0.011","1.099","0.033","5.3517","0.1099","0","0","1","0","0","1","0","1","0","0","0","1","0","0","1","0","0","0","0","1","","319654","10009","1397","12736","702","13662","0","19933","792","486","117","102","47","8082","1028","1097","1097","3","0.4","3.9","0.2","4.1","0","6","0.2","0.1","0.1","0","0.1","2.4","0.3","0.3","0.1"
"County","state","2020","county","18","Indiana","IN","18059","Hancock County","18059","76614","0","30640","79","29627","263","8874","1196","1110","310","5734","619","3694","571","4359","746","12725","276","17899","62","10040","962","1470","276","493","234","6211","496","1143","252","544","199","242","143","860","255","680","187","11.7","1.6","2.7","0.8","19.4","2.1","7","1.1","5.8","1","16.6","0.4","23.4","0.1","13.3","1.3","5","0.9","0.7","0.3","8.1","0.6","3.7","0.8","1.8","0.6","0.8","0.5","2.9","0.9","0.9","0.2","0.044","0.0879","0.7582","0.0769","0.2198","1.1868","0.0879","0.2747","0.6593","0.2198","0.3187","0.6044","2.0769","0.2308","0.5385","0.5385","0.5385","0.4835","0.0549","0.0879","0.0879","0.0659","0.7801","0","4.5823","0.022","0","0","0","0","0","0","0","0","0","0","0","0","0","0","0","0","0","0","0","0","","68388","6746","1159","2088","288","1931","0","701","145","0","29","0","29","1425","370","66","66","8.9","0","2.7","0.4","2.5","0","0.9","0.2","0","0.1","0","0.1","1.9","0.5","0.1","0.1"
"County","state","2020","county","18","Indiana","IN","18061","Harrison County","18061","40164","23","17173","59","14534","437","6645","867","937","329","2221","369","2896","482","2488","492","7092","72","8991","125","6609","653","531","157","77","110","1991","253","418","163","2497","366","220","127","692","214","396","133","16.8","2.2","5","1.7","15.3","2.5","10.2","1.7","6.2","1.2","17.7","0.2","22.4","0.3","16.6","1.6","3.7","1.1","0.2","0.3","5","0.6","2.4","0.9","14.5","2.1","1.5","0.9","4.8","1.5","1","0.3","0.2198","0.7473","0.3956","0.3956","0.2747","2.033","0.3407","0.4725","0.4725","0.6264","0.0879","0.1538","1.8131","0.1209","0.2088","0.2088","0.2088","0.2747","0.8901","0.4396","0.4396","0.1319","2.1759","0.3846","6.2308","0.2198","0","0","0","0","0","0","0","0","0","0","0","0","0","0","0","0","0","0","0","0","","30732","7346","1016","219","114","805","3","213","53","47","55","0","26","556","156","151","151","18.5","0.1","0.5","0.3","2","0.1","0.5","0.1","0.1","0.1","0","0.1","1.4","0.4","0.4","0.4"
"County","state","2020","county","18","Indiana","IN","18063","Hendricks County","18063","166806","0","62846","232","60307","501","15598","1773","3273","556","10828","948","6364","712","9460","1196","22869","425","41726","47","16560","1137","3452","674","951","347","28001","1113","4016","601","1012","358","878","357","1453","448","2560","611","9.5","1.1","3.6","0.6","18","1.6","5.7","0.6","5.8","0.7","13.7","0.3","25","0","10.1","0.7","5.7","1.1","0.6","0.2","16.8","0.7","6.4","1","1.6","0.6","1.5","0.6","2.4","0.7","1.5","0.4","0.011","0.3297","0.8462","0.022","0.2198","1.4287","0.1648","0.0549","0.8791","0.033","0.4835","0.5385","1.989","0.2088","0.8462","0.8462","0.8462","0.7912","0.022","0.4396","0.044","0.4066","1.7034","0.1429","5.9673","0.1868","0","0","0","0","0","0","0","0","0","0","0","0","0","0","0","0","0","0","0","0","","157713","10292","1564","11643","528","6831","0","4847","357","176","102","8","22","3875","805","621","621","6.3","0","7","0.3","4.1","0","2.9","0.2","0.1","0.1","0","0.1","2.3","0.5","0.4","0.2"
"County","state","2020","county","18","Indiana","IN","18065","Henry County","18065","48158","0","21233","120","18387","392","10576","832","885","220","3791","413","3350","357","3042","452","9105","62","9963","76","8279","611","1003","201","68","100","3174","252","699","183","976","191","298","130","726","148","3519","295","23.7","1.9","4.2","1.1","20.6","2.2","9.8","1","6.8","1","18.9","0.1","20.7","0.2","18.5","1.4","5.5","1.1","0.1","0.2","6.6","0.5","3.3","0.9","4.6","0.9","1.6","0.7","3.9","0.8","7.3","0.6","0.6703","0.4945","0.6813","0.3297","0.3736","2.5494","0.4835","0.6813","0.1209","0.8462","0.4066","0.0549","2.1099","0.2527","0.4725","0.4725","0.4725","0.4505","0.2857","0.5165","0.2527","0.9011","2.4065","0.4505","7.5383","0.4176","0","0","0","0","0","0","0","0","0","0","0","0","0","0","0","0","0","0","1","1","","39983","8134","837","1199","94","916","0","163","124","99","38","7","17","719","153","71","71","18.2","0.1","2.5","0.2","1.9","0","0.3","0.3","0.2","0.1","0","0.1","1.5","0.3","0.1","0.2"
"County","state","2020","county","18","Indiana","IN","18067","Howard County","18067","82486","0","39662","128","34632","475","16394","1229","2111","341","6836","635","5239","576","5640","921","15816","142","18749","39","13856","826","2494","456","251","157","12792","616","2612","432","1337","205","332","139","2202","391","1211","232","20.2","1.5","5.3","0.8","19.7","1.8","9.2","1","6.9","1.1","19.2","0.2","22.7","0","17","1","7.2","1.3","0.3","0.2","15.5","0.7","6.6","1.1","3.4","0.5","1","0.4","6.4","1.1","1.5","0.3","0.4615","0.7912","0.8132","0.2527","0.3846","2.7032","0.5824","0.7253","0.5385","0.6923","0.8022","0.2198","2.9781","0.7912","0.8132","0.8132","0.8132","0.8132","0.1758","0.1868","0.7363","0.4066","2.3187","0.4286","8.8132","0.6703","0","0","0","0","0","0","0","0","0","0","0","0","0","0","0","0","0","0","0","0","","89629","11068","1184","6523","303","2877","0","1113","157","302","144","12","12","1771","376","194","194","13.6","0","7.9","0.4","3.5","0","1.3","0.2","0.4","0.2","0","0.1","2.1","0.5","0.2","0.2"
"County","state","2020","county","18","Indiana","IN","18069","Huntington County","18069","36351","0","16110","124","14790","245","7158","897","458","118","2930","330","2031","314","2389","401","6332","75","7815","40","5244","475","844","194","166","132","2033","231","470","113","830","159","113","65","571","126","1357","281","20.5","2.6","2.4","0.6","19.8","2.2","8.1","1.3","6.6","1.1","17.4","0.2","21.5","0.1","14.6","1.3","5.7","1.3","0.5","0.4","5.6","0.6","2.9","0.7","5.2","1","0.8","0.4","3.9","0.8","3.7","0.8","0.4835","0.044","0.5934","0.1429","0.3297","1.5935","0.2088","0.3846","0.2088","0.4286","0.4835","0.4176","1.9231","0.1648","0.3407","0.3407","0.3407","0.3846","0.3626","0.0879","0.2527","0.7802","1.868","0.2308","5.7253","0.1538","0","0","0","0","0","0","0","0","0","0","0","0","0","0","0","0","0","0","0","0","","32666","5385","844","318","41","905","0","238","65","100","65","57","61","415","182","0","0","15.4","0.1","0.9","0.1","2.5","0","0.7","0.2","0.3","0.2","0.2","0.2","1.1","0.5","0","0.1"
"County","state","2020","county","18","Indiana","IN","18071","Jackson County","18071","44077","0","19276","100","16923","362","10123","1009","733","228","3544","429","3364","551","3571","530","7083","54","10682","98","6522","523","1060","238","956","335","5623","267","976","288","1744","247","275","105","1115","276","756","200","23.6","2.3","3.3","1.1","20.9","2.5","11.2","1.9","8.2","1.2","16.1","0.1","24.2","0.2","15","1.2","6.3","1.4","2.3","0.8","12.8","0.6","5.1","1.5","9","1.3","1.6","0.6","6.6","1.7","1.7","0.5","0.6593","0.1978","0.6484","0.5495","0.6593","2.7143","0.5934","0.1648","0.7912","0.4835","0.6703","0.9341","3.0439","0.8462","0.7473","0.7473","0.7473","0.6813","0.6813","0.5165","0.7582","0.5385","3.1758","0.7692","9.6813","0.7692","0","0","0","0","0","0","0","0","0","0","1","1","0","0","0","0","0","0","0","0","","44653","7855","911","596","78","3238","0","1074","69","38","30","19","32","456","116","202","202","18.1","0.1","1.4","0.2","7.3","0","2.4","0.2","0.1","0.1","0","0.1","1","0.3","0.5","0.5"
"County","state","2020","county","18","Indiana","IN","18073","Jasper County","18073","33433","0","13639","68","12676","265","5060","740","748","245","2612","440","2418","355","1894","382","5970","94","7747","8","5348","547","684","211","299","159","3338","442","377","151","489","134","103","78","458","157","871","158","15.6","2.3","4.7","1.5","20.6","3.4","10.6","1.6","5.7","1.2","17.9","0.3","23.2","0","16.2","1.7","5.4","1.7","0.9","0.5","10","1.3","2.8","1.1","3.6","1","0.8","0.6","3.6","1.2","2.6","0.5","0.1429","0.6923","0.4945","0.4505","0.2088","1.989","0.3297","0.5275","0.6154","0.6044","0.3626","0.7143","2.8242","0.7473","0.6374","0.6374","0.6374","0.3516","0.2088","0.0879","0.1648","0.7363","1.5494","0.1319","7","0.3297","0","0","0","0","0","0","0","0","0","0","0","0","0","0","0","0","0","0","0","0","","29493","3274","485","289","113","2050","0","81","73","0","26","0","26","918","420","0","0","10.1","0.1","0.9","0.3","6.1","0","0.2","0.2","0","0.1","0","0.1","2.7","1.3","0","0.1"
"County","state","2020","county","18","Indiana","IN","18075","Jay County","18075","20697","0","9253","57","8293","224","5241","519","326","94","1612","252","1636","245","2111","422","3739","65","5184","119","3444","329","402","89","87","103","1093","119","226","99","690","145","173","78","687","167","268","136","25.7","2.5","3.3","0.9","19.4","3","11.8","1.8","10.3","2","18.1","0.3","25","0.6","16.8","1.6","4.8","1.1","0.5","0.5","5.3","0.6","2.4","1.1","7.5","1.6","2.1","0.9","8.3","2","1.3","0.7","0.7912","0.1978","0.2527","0.6374","0.8791","2.7582","0.6154","0.5604","0.8791","0.6593","0.2637","0.4176","2.7801","0.7253","0.2747","0.2747","0.2747","0.2747","0.5385","0.6813","0.9231","0.2967","2.7143","0.6484","8.5273","0.6044","0","0","0","0","0","0","0","0","0","0","0","0","0","0","0","0","0","1","0","1","","17913","5411","726","64","41","666","0","95","44","67","47","1","2","199","79","1","1","26.5","0.2","0.3","0.2","3.2","0","0.5","0.2","0.3","0.2","0","0.1","1","0.4","0","0.1"
"County","state","2020","county","18","Indiana","IN","18077","Jefferson County","18077","32167","0","14529","170","12833","414","6734","876","502","155","2846","404","2397","399","2468","489","5797","97","6582","34","5361","609","863","232","78","99","2440","249","708","272","1683","306","246","106","609","210","2344","382","22.7","2.9","3.4","1.1","22.2","3.1","10.7","1.8","8","1.6","18","0.3","20.5","0.1","17.5","2","6.7","1.8","0.3","0.3","7.6","0.8","4.9","1.9","11.6","2.1","1.9","0.8","4.7","1.6","7.3","1.2","0.6044","0.2308","0.5714","0.4725","0.6264","2.5055","0.4505","0.5495","0.0879","0.7363","0.7473","0.2198","2.3408","0.4945","0.5055","0.5055","0.5055","0.6374","0.7912","0.6484","0.3846","0.9011","3.3627","0.8681","8.7145","0.6593","0","0","0","0","0","0","0","0","0","0","0","0","0","0","0","0","0","0","1","1","","31243","5375","974","691","127","918","0","169","93","73","48","0","26","503","151","86","86","18","0.2","2.1","0.4","2.9","0","0.5","0.3","0.2","0.1","0","0.1","1.6","0.5","0.3","0.3"
"County","state","2020","county","18","Indiana","IN","18079","Jennings County","18079","27639","0","12382","70","10776","292","5374","777","469","180","1798","280","2219","319","2849","597","4465","69","6452","108","4773","477","662","211","83","103","1434","199","56","48","2532","372","229","127","312","104","373","158","20","2.9","3.2","1.2","16.7","2.6","11.7","1.7","10.4","2.2","16.2","0.2","23.3","0.4","17.4","1.8","6.1","2","0.3","0.4","5.2","0.7","0.5","0.4","20.4","3","2.1","1.2","2.9","0.9","1.3","0.6","0.4505","0.1758","0.3077","0.5934","0.8901","2.4175","0.4176","0.2088","0.6374","0.7253","0.5824","0.2198","2.3737","0.5165","0.2527","0.2527","0.2527","0.011","0.978","0.6813","0.0879","0.2967","2.0549","0.3187","7.0988","0.3407","0","0","0","0","0","0","0","0","0","0","0","0","0","0","0","1","0","0","0","1","","21432","3772","666","277","115","728","0","14","28","105","59","0","23","310","117","0","0","13.8","0.1","1","0.4","2.6","0","0.1","0.1","0.4","0.2","0","0.1","1.1","0.4","0","0.1"
"County","state","2020","county","18","Indiana","IN","18081","Johnson County","18081","156148","0","61690","139","57872","595","20932","1754","3005","513","11328","882","8422","867","9424","1228","22819","203","38642","179","16031","1118","3715","539","928","287","18404","761","4845","593","1570","302","608","200","1455","328","2470","363","13.7","1.1","3.6","0.6","19.6","1.5","8.1","0.8","6.1","0.8","14.6","0.1","24.7","0.1","10.4","0.7","6.4","0.9","0.6","0.2","11.8","0.5","7.9","1","2.5","0.5","1.1","0.3","2.5","0.6","1.6","0.2","0.0549","0.3297","0.8571","0.1429","0.2527","1.6373","0.2308","0.0769","0.8242","0.044","0.7033","0.5385","2.1869","0.3297","0.7033","0.7033","0.7033","0.9011","0.0769","0.2418","0.0549","0.4835","1.7582","0.1648","6.2857","0.2418","0","0","0","0","0","0","0","0","0","0","0","0","0","0","1","0","0","0","0","1","","140744","11711","1427","3995","305","5711","0","5861","290","325","285","26","41","2057","474","429","429","7.6","0","2.6","0.2","3.7","0","3.8","0.2","0.2","0.2","0","0.1","1.3","0.3","0.3","0.2"
"County","state","2020","county","18","Indiana","IN","18083","Knox County","18083","36833","0","17155","173","15186","298","8642","909","665","172","3313","461","2872","378","2841","539","6557","52","7882","15","6528","620","1325","301","323","182","3046","281","1115","272","1334","247","247","116","1210","245","2193","377","25","2.6","3.6","0.9","21.8","3","11.7","1.5","7.9","1.5","17.8","0.1","21.4","0","18.2","1.7","8.7","2","0.9","0.5","8.3","0.8","6.5","1.6","7.8","1.4","1.6","0.8","8","1.6","6","1","0.7363","0.3297","0.6264","0.5934","0.6044","2.8902","0.6264","0.5165","0.1978","0.8352","0.978","0.7143","3.2418","0.8901","0.5604","0.5604","0.5604","0.8022","0.5824","0.5165","0.8791","0.8462","3.6264","0.9451","10.3188","0.9011","0","0","0","0","0","0","0","0","0","1","0","1","0","0","0","0","0","0","0","0","","44787","4404","819","1056","118","834","0","305","77","21","28","19","33","795","240","16","16","12.7","0.1","2.9","0.3","2.3","0","0.8","0.2","0.1","0.1","0.1","0.1","2.2","0.7","0","0.1"
"County","state","2020","county","18","Indiana","IN","18085","Kosciusko County","18085","79156","0","38817","129","31462","486","13411","1123","1506","318","6033","648","7008","557","8488","1086","13053","134","18951","13","10391","726","2110","359","1483","310","9903","434","1481","299","3977","361","774","227","1682","263","1617","258","17.3","1.5","3.6","0.8","19.2","2","13.2","1.1","10.8","1.4","16.5","0.2","23.9","0","13.3","0.9","6.7","1.1","2","0.4","12.5","0.5","3.8","0.8","10.2","0.9","2.5","0.7","5.3","0.8","2","0.3","0.2857","0.3297","0.7802","0.7802","0.9011","3.0769","0.7143","0.2527","0.7473","0.2198","0.7473","0.9011","2.8682","0.7692","0.7253","0.7253","0.7253","0.5055","0.7143","0.7692","0.5714","0.6703","3.2307","0.8132","9.9011","0.8352","0","0","0","0","1","1","0","0","0","0","1","1","0","0","0","0","0","0","0","0","","78432","10758","1261","518","133","6386","0","1195","137","164","73","30","46","1253","233","357","357","13.9","0","0.7","0.2","8.1","0","1.5","0.2","0.2","0.1","0","0.1","1.6","0.3","0.5","0.3"
"County","state","2020","county","18","Indiana","IN","18087","Lagrange County","18087","39537","0","14923","56","12547","334","5496","1117","600","214","1724","293","9005","595","16759","962","5479","80","12894","17","4431","474","586","188","1289","220","2356","104","106","45","1138","252","411","125","3541","329","294","138","14.1","2.9","3.4","1.2","13.7","2.3","38.9","2.6","42.6","2.4","13.9","0.2","32.6","0","11.3","1.2","4.7","1.5","3.6","0.6","6","0.3","0.7","0.3","7.6","1.7","3.3","1","28.2","2.5","0.7","0.3","0.0659","0.2308","0.2967","1","1","2.5934","0.5165","0.0659","1","0.0769","0.2198","0.989","2.3516","0.5055","0.3956","0.3956","0.3956","0.022","0.5604","0.9231","1","0.033","2.5385","0.5824","7.8791","0.5165","0","0","0","1","1","2","0","1","0","0","1","2","0","0","0","0","1","1","0","2","","34281","17489","1465","63","59","1639","0","28","27","3","4","0","26","601","72","22","22","44.6","0.2","0.2","0.1","4.1","0","0.1","0.1","0","0.1","0","0.1","1.5","0.2","0.1","0.1"
"County","state","2020","county","18","Indiana","IN","18089","Lake County","18089","485983","0","213679","316","188646","1079","114865","4355","16615","1207","47107","1802","35825","1753","33081","1668","80244","24","114286","13","65944","2132","16355","1082","8532","767","226052","1960","17224","1111","3140","561","3536","438","15736","879","5769","516","24","0.9","7","0.5","25","0.9","10.9","0.5","6.9","0.3","16.5","0.1","23.5","0","13.7","0.4","8.7","0.6","1.9","0.2","46.5","0.4","8.1","0.5","1.5","0.3","1.9","0.2","8.3","0.5","1.2","0.1","0.6813","0.967","0.989","0.5055","0.3846","3.5274","0.8791","0.2527","0.6703","0.3187","0.978","0.8901","3.1098","0.8791","1","1","1","0.9121","0","0.6484","0.9231","0.2418","2.7254","0.6593","10.3626","0.9121","0","1","1","0","0","2","0","0","0","1","0","1","1","1","1","0","0","1","0","2","","471125","63047","3455","113673","849","94064","0","6645","399","892","200","94","44","9058","1090","1626","1626","13.1","0","23.4","0.2","19.4","0","1.4","0.1","0.2","0.1","0","0.1","1.9","0.2","0.3","0.2"
"County","state","2020","county","18","Indiana","IN","18091","Laporte County","18091","110026","0","49231","174","42725","607","24449","1358","2789","445","9192","651","8269","679","7517","829","19462","97","23666","0","14693","968","3105","398","645","248","23568","801","2828","380","2066","359","964","251","2698","325","7934","412","24","1.3","5.5","0.9","21.5","1.5","10.7","0.9","7.3","0.8","17.7","0.1","21.5","0","14.4","0.9","7.3","0.9","0.6","0.2","21.4","0.7","5.7","0.8","4.2","0.7","2.3","0.6","6.3","0.7","7.2","0.4","0.6813","0.8352","0.8242","0.4725","0.4615","3.2747","0.7692","0.4725","0.2088","0.4176","0.8132","0.5385","2.4506","0.5385","0.9341","0.9341","0.9341","0.7692","0.2418","0.7582","0.7253","0.8901","3.3846","0.8791","10.044","0.8462","0","0","0","0","0","0","0","0","0","0","0","0","1","1","0","0","0","0","0","0","","106359","13278","1264","11588","489","7510","0","728","132","288","126","5","10","3340","544","109","109","13","0.1","10.5","0.4","6.8","0","0.7","0.1","0.3","0.1","0","0.1","3","0.5","0.1","0.1"
"County","state","2020","county","18","Indiana","IN","18093","Lawrence County","18093","45552","0","21191","92","18968","344","9326","879","920","218","3600","481","3522","504","3275","626","9224","94","9908","0","8049","617","1054","238","114","118","2260","292","565","125","2283","349","315","108","1000","207","645","201","20.8","2","4.2","1","19","2.5","10.9","1.6","7.3","1.4","20.2","0.2","21.8","0","17.9","1.4","5.6","1.3","0.3","0.3","5","0.6","2.7","0.6","10.8","1.6","1.7","0.6","5.3","1.1","1.4","0.4","0.5165","0.4945","0.6703","0.5055","0.4615","2.6483","0.5604","0.9231","0.3077","0.8132","0.4505","0.2198","2.7143","0.6923","0.2088","0.2088","0.2088","0.3297","0.7473","0.6044","0.5714","0.3516","2.6044","0.6044","8.1758","0.5604","0","0","0","0","0","0","1","0","0","0","0","1","0","0","0","0","0","0","0","0","","38729","7627","960","197","69","766","0","242","75","77","66","7","11","768","140","203","203","17","0.1","0.4","0.2","1.7","0","0.5","0.2","0.2","0.1","0","0.1","1.7","0.3","0.4","0.5"
"County","state","2020","county","18","Indiana","IN","18095","Madison County","18095","129486","0","59173","217","51276","632","31281","1531","3291","491","12794","804","9800","583","10120","755","23564","96","28038","0","23560","917","4119","423","848","241","20361","748","2486","333","2903","345","594","163","3448","383","5994","512","25.4","1.2","5.4","0.8","25","1.5","10.9","0.6","8.1","0.6","18.2","0.1","21.7","0","18.9","0.7","8","0.8","0.7","0.2","15.7","0.6","4.2","0.6","4.9","0.6","1.2","0.3","6.7","0.7","4.6","0.4","0.7582","0.8022","0.8901","0.5055","0.6484","3.6044","0.9231","0.5824","0.2637","0.8901","0.9231","0.6044","3.2637","0.9231","0.8242","0.8242","0.8242","0.5495","0.3297","0.3187","0.7802","0.8242","2.8023","0.7033","10.4946","0.956","0","0","0","0","0","0","0","0","0","1","0","1","0","0","0","0","0","0","0","0","","114845","17457","1610","10229","438","5492","0","655","166","217","73","1","3","3356","514","411","411","14.1","0.1","7.9","0.3","4.2","0","0.5","0.1","0.2","0.1","0","0.1","2.6","0.4","0.3","0.1"
"County","state","2020","county","18","Indiana","IN","18097","Marion County","18097","957337","0","424711","436","377695","1868","258211","6417","28426","1747","118538","3123","83668","2710","93045","3236","119894","11","236265","42","127287","3237","32256","1686","30448","1867","437761","4216","57363","2124","6377","639","6613","726","32878","1941","16308","1032","27.5","0.7","5.7","0.3","31.4","0.8","13.3","0.4","9.8","0.3","12.5","0.1","24.7","0","13.4","0.3","8.5","0.4","3.4","0.2","45.7","0.4","13.5","0.5","1.5","0.2","1.8","0.2","8.7","0.5","1.7","0.1","0.8681","0.8791","1","0.8022","0.8352","4.3846","1","0.022","0.8242","0.2418","0.967","0.978","3.033","0.8242","0.989","0.989","0.989","0.978","0","0.6374","0.9451","0.5385","3.099","0.7582","11.5056","0.989","0","0","1","0","0","1","0","0","0","1","1","2","1","1","1","0","0","1","0","2","","1190163","127853","5495","267142","2544","100911","0","33260","1074","1512","309","204","75","30956","2678","3776","3776","13.6","0","27.9","0.3","10.5","0","3.5","0.1","0.2","0.1","0","0.1","3.2","0.3","0.4","0.1"
"County","state","2020","county","18","Indiana","IN","18099","Marshall County","18099","46336","0","20333","91","17430","335","10618","1063","746","180","3829","419","4589","403","5635","824","8159","145","11687","68","5833","474","771","192","874","281","5978","218","765","176","1542","272","432","128","1025","198","840","216","23.3","2.3","3.4","0.8","22","2.4","14.8","1.3","12.3","1.8","17.6","0.3","25.2","0.1","12.7","1","4.4","1.1","2","0.6","12.9","0.5","3.8","0.9","7.6","1.3","2.5","0.7","5.9","1.1","1.8","0.5","0.6264","0.2308","0.6923","0.8462","0.9341","3.3298","0.8022","0.4396","0.9121","0.1538","0.1538","0.9011","2.5604","0.5714","0.7582","0.7582","0.7582","0.5055","0.5604","0.7692","0.6703","0.5714","3.0768","0.7473","9.7252","0.8022","0","0","0","0","1","1","0","1","0","0","1","2","0","0","0","0","0","0","0","0","","43379","11425","1021","278","121","4731","0","234","83","5","8","0","26","720","159","10","10","25.1","0.1","0.6","0.3","10.2","0","0.5","0.2","0","0.1","0","0.1","1.6","0.3","0","0.1"
"County","state","2020","county","18","Indiana","IN","18101","Martin County","18101","10169","0","4808","27","4095","159","1929","377","76","53","736","152","900","209","553","173","1994","2","2257","9","1852","214","182","69","0","76","599","231","49","43","662","143","89","85","154","77","300","36","19.6","3.8","1.6","1.1","18","3.6","12.6","2.9","5.6","1.8","19.6","0.1","22.2","0.1","18.7","2.2","4.4","1.7","0","0.8","5.9","2.3","1","0.9","13.8","3","2.2","2.1","3.8","1.9","3","0.4","0.4286","0","0.0549","0.7582","0.1978","1.4395","0.1758","0.7912","0.4176","0.8681","0.1538","0","2.2307","0.3626","0.3626","0.3626","0.3626","0.0879","0.8571","0.7363","0.2088","0.7473","2.6374","0.6154","6.6702","0.2747","0","0","0","0","0","0","0","0","0","0","0","0","0","0","0","0","0","0","0","0","","12157","1756","353","82","88","247","162","32","26","106","115","0","19","132","84","0","0","17.8","0.1","0.8","0.9","2.4","1.6","0.3","0.3","1","1.1","0","0.3","1.3","0.8","0","0.3"
"County","state","2020","county","18","Indiana","IN","18103","Miami County","18103","35684","0","15398","115","13531","302","8465","930","792","245","2807","362","3447","307","2836","503","6202","100","7563","61","5181","454","856","175","193","119","4150","438","317","107","1218","232","121","54","780","199","2198","287","25.4","2.8","4.9","1.5","20.7","2.6","13.9","1.2","8.5","1.5","17.4","0.3","21.2","0.2","15.5","1.4","6.3","1.3","0.6","0.4","11.6","1.2","2.1","0.7","7.9","1.5","0.9","0.4","5.8","1.5","6.2","0.8","0.7582","0.7143","0.5604","0.8132","0.7253","3.5714","0.9121","0.3846","0.1868","0.5495","0.6703","0.5385","2.3297","0.4725","0.6923","0.6923","0.6923","0.2198","0.6044","0.1538","0.6374","0.8571","2.4725","0.5385","9.0659","0.7033","0","0","0","0","0","0","0","0","0","0","0","0","0","0","0","0","0","0","0","0","","29082","5620","740","1583","253","1225","0","219","32","214","99","0","26","881","282","28","28","16.8","0.1","4.4","0.7","3.4","0","0.6","0.1","0.6","0.3","0","0.1","2.5","0.8","0.1","0.1"
"County","state","2020","county","18","Indiana","IN","18105","Monroe County","18105","147318","0","62073","338","56399","682","38937","2127","5053","880","17500","1101","5959","864","9177","949","19057","166","23192","47","15768","1099","3030","470","1030","304","24618","728","10733","853","3514","500","697","185","4373","468","15388","758","29.6","1.6","6.4","1.1","31","1.9","7","1","6.3","0.6","12.9","0.1","15.7","0","10.8","0.7","5.4","0.8","0.7","0.2","16.7","0.5","17.3","1.4","5.7","0.8","1.2","0.3","7.8","0.8","10.4","0.5","0.956","0.9341","0.9231","0.0769","0.2857","3.1758","0.7253","0.033","0","0.0549","0.3626","0.6044","1.0549","0","0.8352","0.8352","0.8352","0.989","0.3956","0.3187","0.8571","0.978","3.5384","0.9121","8.6043","0.6264","1","1","1","0","0","3","0","0","0","0","0","0","0","0","1","0","0","0","1","2","","163295","12525","1727","4807","294","5169","0","9635","379","291","158","8","11","4582","459","126","126","9.5","0.1","3.3","0.2","3.5","0","6.5","0.3","0.2","0.1","0","0.1","3.1","0.3","0.1","0.1"
"County","state","2020","county","18","Indiana","IN","18107","Montgomery County","18107","38295","0","16709","111","15618","222","7652","760","773","184","2947","320","2512","349","3085","390","6979","103","8583","20","5734","514","981","182","391","152","3211","226","757","193","1123","297","162","71","736","198","1286","194","20.8","2.1","3.9","0.9","18.9","2","9.6","1.3","8.2","1","18.2","0.3","22.4","0.1","15.2","1.3","6.3","1.2","1.1","0.4","8.4","0.6","4.5","1.2","6.7","1.8","1","0.5","4.7","1.3","3.4","0.5","0.5165","0.4176","0.6044","0.2967","0.6593","2.4945","0.4396","0.5824","0.4725","0.5275","0.6703","0.7802","3.0329","0.8132","0.5714","0.5714","0.5714","0.5934","0.4945","0.1868","0.3846","0.7692","2.4285","0.4835","8.5273","0.6044","0","0","0","0","0","0","0","0","0","0","0","0","0","0","0","0","0","0","0","0","","36469","3733","551","323","106","1872","0","262","98","38","41","14","20","665","166","37","37","10.1","0.1","0.8","0.3","4.9","0","0.7","0.3","0.1","0.1","0","0.1","1.7","0.4","0.1","0.1"
"County","state","2020","county","18","Indiana","IN","18109","Morgan County","18109","70141","0","28519","98","26460","364","10508","1072","1863","342","4965","508","5765","602","4251","561","11626","33","15847","131","9365","626","1449","289","129","129","3217","283","713","137","2229","345","434","131","907","199","988","191","15.3","1.6","5.2","1","18.8","1.9","11.9","1.2","6.1","0.8","16.6","0.1","22.6","0.2","13.5","0.9","5.5","1.1","0.2","0.2","4.6","0.4","2.5","0.5","7.8","1.2","1.6","0.5","3.4","0.7","1.4","0.3","0.1099","0.7802","0.7363","0.6593","0.2527","2.5384","0.4725","0.2747","0.5165","0.2747","0.4066","0.1538","1.6263","0.0549","0.1319","0.1319","0.1319","0.3077","0.5824","0.5165","0.1538","0.3516","1.912","0.2527","6.2086","0.2088","0","0","0","0","0","0","0","0","0","0","0","0","0","0","0","0","0","0","0","0","","50954","6170","773","201","108","1176","0","560","80","13","21","0","29","1101","144","166","166","8.9","0","0.3","0.2","1.7","0","0.8","0.1","0","0.1","0","0.1","1.6","0.2","0.2","0.3"
"County","state","2020","county","18","Indiana","IN","18111","Newton County","18111","13981","0","6101","44","5599","157","2560","478","492","169","967","178","1396","244","905","224","2662","32","3000","64","2406","307","348","138","162","114","1307","113","46","27","355","148","62","39","226","78","229","80","18.7","3.5","7.3","2.4","17.3","3.1","14","2.4","6.6","1.6","19","0.2","21.5","0.5","17.5","2.2","6.2","2.5","1.2","0.9","9.3","0.8","0.8","0.4","5.8","2.4","1.1","0.7","4","1.4","1.6","0.6","0.3736","0.978","0.0879","0.8242","0.3297","2.5934","0.5165","0.6923","0.2088","0.7363","0.6154","0.8022","3.055","0.8571","0.6264","0.6264","0.6264","0.033","0.4176","0.2418","0.2857","0.4835","1.4616","0.1099","7.7364","0.4725","0","1","0","0","0","1","0","0","0","0","0","0","0","0","0","0","0","0","0","0","","10536","1520","319","181","73","953","0","0","19","19","21","0","19","154","78","0","0","11.1","0.1","1.3","0.5","6.8","0","0","0.2","0.1","0.2","0","0.2","1.1","0.6","0","0.2"
"County","state","2020","county","18","Indiana","IN","18113","Noble County","18113","47640","0","20659","72","18133","345","7467","882","950","206","3463","493","5153","491","4625","679","7518","97","11773","75","6637","529","890","214","1059","207","6277","210","697","232","1722","277","520","176","1421","323","800","166","16","1.9","4","0.9","19.1","2.7","16.1","1.5","9.9","1.4","15.8","0.2","24.7","0.2","14.2","1.1","4.9","1.2","2.4","0.5","13.2","0.4","3.4","1.1","8.3","1.3","2.9","1","7.8","1.7","1.7","0.3","0.1648","0.4286","0.6374","0.9121","0.8462","2.9891","0.6923","0.1429","0.8242","0.3626","0.2857","0.9451","2.5605","0.5824","0.7692","0.7692","0.7692","0.4725","0.6374","0.8791","0.8571","0.5385","3.3846","0.8791","9.7034","0.7802","0","0","0","1","0","1","0","0","0","0","1","1","0","0","0","0","0","0","0","0","","43387","7018","848","301","136","4974","0","327","39","26","27","33","48","583","136","33","33","15","0.1","0.6","0.3","10.4","0","0.7","0.1","0.1","0.1","0.1","0.1","1.2","0.3","0.1","0.1"
"County","state","2020","county","18","Indiana","IN","18115","Ohio County","18115","5890","0","2865","41","2623","91","887","225","55","45","375","94","536","157","421","135","1278","8","1129","23","904","179","99","57","0","68","276","100","151","60","455","129","19","16","169","63","53","77","15.3","3.9","1.9","1.5","14.3","3.5","12.2","3.6","7.2","2.3","21.7","0.1","19.2","0.4","15.5","3","3.8","2.2","0","1.2","4.7","1.7","5.3","2.1","15.9","4.5","0.7","0.6","6.4","2.4","0.9","1.3","0.1099","0.011","0","0.7143","0.4286","1.2638","0.1209","0.989","0.033","0.5495","0.0989","0","1.6704","0.0989","0.1648","0.1648","0.1648","0.7143","0.9011","0.0549","0.7363","0.0659","2.4725","0.5385","5.5715","0.1319","0","0","0","0","0","0","1","0","0","0","0","1","0","0","0","1","0","0","0","1","","3949","876","173","31","26","80","60","29","31","5","9","0","17","127","67","4","4","15","0.2","0.5","0.4","1.4","1","0.5","0.5","0.1","0.2","0","0.6","2.2","1.1","0.1","0.1"
"County","state","2020","county","18","Indiana","IN","18117","Orange County","18117","19552","0","9243","62","7988","195","4637","581","261","93","1621","251","2248","331","1472","294","3794","46","4446","24","4126","397","794","200","52","79","1026","199","309","86","1576","281","91","60","490","113","310","142","24.2","3","2.8","1","20.3","3.1","16.5","2.4","7.6","1.5","19.4","0.2","22.7","0.1","21.4","2","9.9","2.5","0.3","0.4","5.2","1","3.3","0.9","17.1","3","1.1","0.8","6.1","1.4","1.6","0.7","0.7143","0.0989","0.2637","0.9341","0.5385","2.5495","0.4945","0.7363","0.5385","0.978","1","0.2198","3.4726","0.967","0.2527","0.2527","0.2527","0.4505","0.9341","0.2418","0.7033","0.4835","2.8132","0.7143","9.088","0.7143","0","0","0","1","0","1","0","0","1","1","0","2","0","0","0","1","0","0","0","1","","18920","3635","530","494","140","145","94","100","12","16","17","0","19","271","102","0","0","18.9","0.1","2.5","0.7","0.7","0.5","0.5","0.1","0.1","0.1","0","0.2","1.4","0.5","0","0.2"
"County","state","2020","county","18","Indiana","IN","18119","Owen County","18119","20854","0","10234","43","8830","222","5406","699","512","161","2011","340","2203","329","2251","417","4076","72","4355","72","3626","362","334","108","63","88","827","154","93","44","2098","278","226","66","283","84","171","88","26.3","3.4","4.9","1.5","22.8","3.8","14.7","2.2","10.9","2","19.5","0.3","20.9","0.3","17.5","1.7","3.8","1.2","0.3","0.4","4","0.7","0.9","0.4","20.5","2.7","2.6","0.7","3.2","1","0.8","0.4","0.8132","0.7143","0.3626","0.8352","0.9121","3.6374","0.9341","0.7582","0.1319","0.7363","0.0989","0.2198","1.9451","0.1758","0.0659","0.0659","0.0659","0.0549","0.989","0.8022","0.1319","0.0549","2.0329","0.2967","7.6813","0.4505","0","0","0","0","1","1","0","0","0","0","0","0","0","0","0","1","0","0","0","1","","16235","3252","421","6","11","271","0","101","39","108","93","0","23","341","97","0","0","15.7","0.1","0","0.1","1.3","0","0.5","0.2","0.5","0.4","0","0.2","1.6","0.5","0","0.2"
"County","state","2020","county","18","Indiana","IN","18121","Parke County","18121","16912","0","8253","64","6005","303","4144","603","309","113","1108","238","1930","309","2097","350","3275","78","3756","123","2729","358","194","76","134","94","926","186","153","78","1319","259","289","120","531","146","1374","145","26.7","3.9","4.6","1.7","18.5","3.9","16.2","2.6","13.5","2.3","19.4","0.5","22.2","0.7","17.5","2.3","3.2","1.3","0.8","0.6","5.5","1.1","1.9","0.9","16","3.2","4.8","2","8.8","2.3","8.1","0.9","0.8352","0.6703","0.1319","0.9231","0.956","3.5165","0.8681","0.7363","0.4176","0.7363","0.033","0.6703","2.5935","0.6154","0.3297","0.3297","0.3297","0.1758","0.9231","0.989","0.956","0.9341","3.978","1","10.4177","0.9341","0","0","0","1","1","2","0","0","0","0","0","0","0","0","0","1","1","1","1","4","","13095","4194","691","225","121","265","0","0","19","38","34","0","19","386","133","12","12","27","0.3","1.3","0.7","1.6","0","0","0.2","0.2","0.2","0","0.2","2.3","0.8","0.1","0.1"
"County","state","2020","county","18","Indiana","IN","18123","Perry County","18123","19091","0","8737","90","7713","224","3283","435","290","97","1252","210","1298","188","836","250","3578","77","4024","62","2915","338","301","100","10","74","1160","118","600","172","1051","195","201","150","405","112","1608","186","18.9","2.5","3.4","1.1","16.2","2.7","9.5","1.4","4.8","1.4","18.7","0.4","21.1","0.3","16.7","1.9","3.9","1.3","0.1","0.4","6.1","0.6","6.9","2","12","2.2","2.6","1.9","5.3","1.5","8.4","1","0.3846","0.2308","0.1538","0.2857","0.0879","1.1428","0.0769","0.6484","0.1758","0.6484","0.1209","0.0549","1.6484","0.0879","0.4066","0.4066","0.4066","0.8242","0.8132","0.8022","0.5714","0.9451","3.9561","0.978","7.1539","0.3626","0","0","0","0","0","0","0","0","0","0","0","0","0","0","0","0","0","0","1","1","","16653","2744","479","511","74","281","0","113","26","30","24","0","19","215","80","10","10","15.7","0.2","2.7","0.4","1.5","0","0.6","0.1","0.2","0.1","0","0.2","1.1","0.4","0.1","0.1"
"County","state","2020","county","18","Indiana","IN","18125","Pike County","18125","12364","0","5787","64","5294","149","2127","360","182","76","735","173","1072","204","480","140","2492","55","2689","126","1969","275","169","65","10","75","467","185","115","58","804","173","57","39","198","84","240","130","17.6","3","3.1","1.3","13.9","3.2","12.3","2.4","3.9","1.2","20.2","0.4","21.7","1","16.2","2.2","3.2","1.2","0.1","0.6","3.8","1.5","2","1","13.9","3","1.1","0.7","3.7","1.6","1.9","1.1","0.3077","0.1648","0.044","0.7363","0.022","1.2748","0.1319","0.9231","0.2637","0.6044","0.033","0.0549","1.8791","0.1319","0.033","0.033","0.033","0.1868","0.8791","0.2418","0.1868","0.6484","2.1429","0.3516","5.3298","0.0989","0","0","0","0","0","0","1","0","0","0","0","1","0","0","0","0","0","0","0","0","","8909","2632","426","94","51","181","136","69","78","0","19","0","19","123","81","0","0","21.7","0.2","0.8","0.4","1.5","1.1","0.6","0.6","0","0.3","0","0.3","1","0.7","0","0.3"
"County","state","2020","county","18","Indiana","IN","18127","Porter County","18127","169482","0","69271","173","65153","584","25289","1967","3832","645","13898","929","7602","809","8953","937","27776","104","37370","0","18781","1064","4062","531","824","247","29911","888","3954","580","3187","392","1068","375","2356","377","4133","369","15.3","1.2","4.5","0.8","21.3","1.4","6.5","0.7","5.3","0.6","16.4","0.1","22","0","11.2","0.6","6.2","0.8","0.5","0.2","17.6","0.5","5.7","0.8","4.6","0.6","1.6","0.6","3.6","0.6","2.4","0.2","0.1099","0.6374","0.9011","0.044","0.1758","1.8682","0.2967","0.2308","0.3407","0.0659","0.6154","0.4176","1.6704","0.0989","0.8791","0.8791","0.8791","0.7692","0.2857","0.5165","0.1648","0.7033","2.4395","0.5055","6.8572","0.3077","0","0","1","0","0","1","0","0","0","0","0","0","0","0","0","0","0","0","0","0","","153462","15918","1642","6273","333","17335","0","2226","228","298","132","50","54","3658","728","71","71","9.6","0","3.7","0.2","10.2","0","1.3","0.1","0.2","0.1","0","0.1","2.2","0.4","0","0.1"
"County","state","2020","county","18","Indiana","IN","18129","Posey County","18129","25480","0","11552","72","10361","238","3733","642","453","125","1801","283","1340","256","1272","335","4761","57","5628","0","3266","347","453","166","0","92","1157","212","334","112","788","156","33","32","391","149","281","136","14.8","2.5","3.6","1","17.4","2.7","7.4","1.4","5","1.3","18.7","0.2","22.1","0","12.9","1.4","4.4","1.6","0","0.4","4.5","0.8","2.9","1","6.8","1.4","0.3","0.3","3.8","1.4","1.1","0.5","0.0879","0.3297","0.3187","0.0989","0.1209","0.9561","0.011","0.6484","0.3736","0.1978","0.1538","0","1.3736","0.033","0.1099","0.1099","0.1099","0.3846","0.5055","0","0.2088","0.2088","1.3077","0.0769","3.7473","0.011","0","0","0","0","0","0","0","0","0","0","0","0","0","0","0","0","0","0","0","0","","20515","2946","565","411","121","314","0","66","48","14","17","0","23","255","113","97","97","11.7","0.1","1.6","0.5","1.2","0","0.3","0.2","0.1","0.1","0","0.1","1","0.4","0.4","0.5"
"County","state","2020","county","18","Indiana","IN","18131","Pulaski County","18131","12482","0","6119","35","5113","171","2525","371","361","86","1044","206","1040","226","895","201","2431","27","2757","53","1976","227","400","138","0","76","767","133","146","80","845","150","59","44","268","113","145","66","20.6","3","5.8","1.4","20.4","4","12","2.6","7.2","1.6","19.5","0.2","22.1","0.4","16","1.8","7.8","2.7","0","0.6","6.1","1.1","2.4","1.3","13.8","2.4","1.2","0.9","5.2","2.2","1.2","0.5","0.5055","0.8901","0.1099","0.6703","0.4286","2.6044","0.5385","0.7582","0.3736","0.5824","0.9011","0","2.6153","0.6374","0.4066","0.4066","0.4066","0.2747","0.8571","0.3187","0.5385","0.2418","2.2308","0.4066","7.8571","0.5055","0","0","0","0","0","0","0","0","0","1","0","1","0","0","0","0","0","0","0","0","","10414","1801","360","21","25","391","0","58","71","14","27","39","58","244","91","0","0","14.6","0.1","0.2","0.2","3.1","0","0.5","0.6","0.1","0.2","0.3","0.5","2","0.7","0","0.3"
"County","state","2020","county","18","Indiana","IN","18133","Putnam County","18133","37419","0","15188","142","13651","248","6027","1051","398","142","2650","406","2771","467","1723","396","6229","93","7212","70","4295","478","645","209","280","194","3166","327","486","150","1241","196","369","151","578","152","5200","330","18.9","3.3","2.3","0.8","19.4","3","11.1","1.8","5","1.1","16.6","0.2","19.3","0.2","12.4","1.4","4.7","1.5","0.8","0.5","8.5","0.9","3.2","1","8.2","1.3","2.7","1.1","4.2","1.1","13.9","0.9","0.3846","0.033","0.5165","0.5385","0.1209","1.5935","0.2088","0.2747","0.044","0.1209","0.2198","0.6703","1.3297","0.022","0.5934","0.5934","0.5934","0.4176","0.6264","0.8352","0.3297","1","3.2089","0.7912","6.7255","0.2967","0","0","0","0","0","0","0","0","0","0","0","0","0","0","0","0","0","0","1","1","","36082","4068","786","943","137","753","0","1001","220","65","42","8","13","387","189","9","9","12.6","0.1","2.5","0.4","2","0","2.7","0.6","0.2","0.1","0","0.1","1","0.5","0","0.1"
"County","state","2020","county","18","Indiana","IN","18135","Randolph County","18135","24694","0","11711","81","10358","226","5115","544","583","150","1890","271","1942","251","2214","418","4967","44","5629","0","4218","325","628","136","226","164","1912","317","263","84","751","165","175","90","463","119","375","133","21.1","2.2","4.8","1.2","18.2","2.6","11.3","1.5","9.1","1.7","20.1","0.2","22.8","0","17.3","1.3","6.1","1.3","1","0.7","7.7","1.3","2.2","0.7","6.4","1.4","1.7","0.9","4.5","1.1","1.5","0.5","0.5385","0.7033","0.3407","0.5604","0.7692","2.9121","0.6484","0.9011","0.5604","0.7033","0.5824","0.7582","3.5054","0.978","0.5165","0.5165","0.5165","0.2418","0.4725","0.6044","0.3626","0.4066","2.0879","0.3407","9.0219","0.6923","0","0","0","0","0","0","1","0","0","0","0","1","0","0","0","0","0","0","0","0","","20345","4505","601","109","81","899","0","92","92","9","12","0","23","410","70","393","393","18.5","0.1","0.4","0.3","3.6","0","0.4","0.4","0","0.1","0","0.1","1.7","0.3","1.6","1.1"
"County","state","2020","county","18","Indiana","IN","18137","Ripley County","18137","28457","0","12430","72","11243","249","5363","718","658","171","2317","290","1891","264","2137","428","5043","52","6777","20","3778","332","696","171","114","95","1368","206","657","153","1048","161","389","111","551","155","523","145","19.2","2.6","4.4","1.2","20.6","2.5","9.8","1.4","7.6","1.5","17.7","0.2","23.8","0.1","13.5","1.2","6.2","1.5","0.4","0.4","4.8","0.7","5.3","1.2","8.4","1.3","3.5","1","4.9","1.4","1.8","0.5","0.4176","0.5604","0.4286","0.3297","0.5385","2.2748","0.3736","0.4725","0.7253","0.2747","0.6154","0.3407","2.4286","0.5275","0.1758","0.1758","0.1758","0.7143","0.6593","0.9341","0.4505","0.5714","3.3296","0.8462","8.2088","0.5714","0","0","0","0","0","0","0","0","0","0","0","0","0","0","0","0","1","0","0","1","","26958","4563","526","96","57","526","0","270","121","18","17","0","23","358","133","100","100","16.3","0.1","0.3","0.2","1.8","0","0.9","0.4","0.1","0.1","0","0.1","1.3","0.5","0.4","0.3"
"County","state","2020","county","18","Indiana","IN","18139","Rush County","18139","16632","0","7503","32","6648","192","3671","528","424","145","1285","210","1374","277","1586","441","3020","21","3695","61","2723","321","291","121","87","89","736","142","345","135","258","83","79","48","362","151","220","64","22.4","3.2","5.4","1.9","19.3","3.1","11.8","2.4","9.6","2.7","18.2","0.1","22.2","0.4","16.6","2","4.4","1.8","0.6","0.6","4.4","0.9","4.6","1.8","3.4","1.1","1.2","0.7","5.4","2.2","1.3","0.4","0.5824","0.8022","0.1648","0.6374","0.8022","2.989","0.6813","0.5824","0.4176","0.6264","0.1538","0.5385","2.3187","0.4615","0.0879","0.0879","0.0879","0.6154","0.1758","0.3187","0.6154","0.2967","2.022","0.2857","7.4176","0.3956","0","0","0","0","0","0","0","0","0","0","0","0","0","0","0","0","0","0","0","0","","11436","4053","619","312","103","283","0","17","31","3","7","0","19","106","89","15","15","24.7","0.1","1.9","0.6","1.7","0","0.1","0.2","0","0.1","0","0.2","0.6","0.5","0.1","0.1"
"County","state","2020","county","18","Indiana","IN","18141","St. Joseph County","18141","270881","0","117050","343","104380","860","60680","2645","6668","654","24555","1217","18046","1086","20483","1491","42735","36","63866","0","36887","1191","7093","590","3038","451","76290","1649","12003","776","1816","306","1757","281","7471","566","12786","798","23.5","1","4.9","0.5","23.5","1.1","10.2","0.6","7.6","0.6","15.8","0.1","23.6","0","13.7","0.4","6.8","0.6","1.2","0.2","28.2","0.6","10.3","0.7","1.6","0.3","1.7","0.3","7.2","0.5","4.7","0.3","0.6374","0.7143","0.967","0.3956","0.5385","3.2528","0.7582","0.1429","0.6813","0.3187","0.7692","0.8022","2.7143","0.6923","0.978","0.978","0.978","0.956","0.022","0.6044","0.8022","0.8352","3.2198","0.8022","10.1649","0.8901","0","0","1","0","0","1","0","0","0","0","0","0","1","1","1","0","0","0","0","1","","283467","37223","2592","34034","931","24153","0","6743","305","750","150","146","78","9365","1022","1099","1099","14.4","0","12.6","0.3","8.9","0","2.5","0.1","0.3","0.1","0.1","0.1","3.5","0.4","0.4","0.1"
"County","state","2020","county","18","Indiana","IN","18143","Scott County","18143","23785","0","10667","76","9228","274","6535","954","464","183","2468","406","3176","554","1734","569","4067","112","5249","144","5490","720","576","185","7","90","1268","253","412","191","1692","293","254","173","558","196","419","188","28.5","4.1","4.4","1.8","26.7","4.3","19.2","3.3","7.4","2.4","17.1","0.5","22.1","0.6","23.5","3","6.2","2","0","0.4","5.3","1.1","3.9","1.8","15.9","2.8","2.8","1.9","6","2.1","1.8","0.8","0.9011","0.5604","0.4725","0.978","0.5055","3.4175","0.8242","0.3516","0.3736","1","0.6154","0","2.3406","0.4835","0.2747","0.2747","0.2747","0.5275","0.9011","0.8571","0.6923","0.5714","3.5494","0.9231","9.5822","0.7473","1","0","0","1","0","2","0","0","1","0","0","1","0","0","0","1","0","0","0","1","","22558","5209","867","42","33","574","0","66","71","161","119","0","23","302","125","123","123","22.3","0.2","0.2","0.1","2.4","0","0.3","0.3","0.7","0.5","0","0.1","1.3","0.5","0.5","0.5"
"County","state","2020","county","18","Indiana","IN","18145","Shelby County","18145","44559","0","19395","76","17902","293","7862","876","809","210","3548","445","3624","412","2902","521","7576","72","10178","24","6275","569","882","186","192","135","3594","274","928","208","806","229","474","163","903","242","731","188","18","2","3.6","0.9","19.8","2.5","11.7","1.3","6.6","1.2","17","0.2","22.8","0.1","14.3","1.3","4.9","1","0.5","0.3","8.1","0.6","4.8","1.1","4.2","1.2","2.6","0.9","5","1.3","1.6","0.4","0.3187","0.3297","0.6593","0.5934","0.3297","2.2308","0.3626","0.3297","0.5604","0.3846","0.2857","0.4176","1.978","0.1978","0.5385","0.5385","0.5385","0.6264","0.2418","0.8022","0.4835","0.4835","2.6374","0.6154","7.3847","0.3736","0","0","0","0","0","0","0","0","0","0","0","0","0","0","0","0","0","0","0","0","","40714","5874","859","465","135","1984","0","221","102","17","29","0","26","823","193","84","84","13.4","0.1","1","0.3","4.5","0","0.5","0.2","0","0.1","0","0.1","1.8","0.4","0.2","0.2"
"County","state","2020","county","18","Indiana","IN","18147","Spencer County","18147","20364","0","9126","77","8321","180","3729","525","413","136","1492","223","1281","189","698","164","4027","46","4428","19","2932","325","273","77","26","82","1131","98","145","55","1145","211","99","52","270","77","290","93","18.6","2.6","4","1.3","17.9","2.7","8.9","1.3","3.5","0.8","19.8","0.2","21.7","0.1","14.6","1.6","3.3","0.9","0.1","0.4","5.6","0.5","1.6","0.6","12.5","2.3","1.2","0.6","3.2","0.9","1.4","0.5","0.3626","0.4286","0.2198","0.2088","0","1.2198","0.1099","0.8352","0.2637","0.4286","0.0549","0.0549","1.6373","0.0769","0.3407","0.3407","0.3407","0.1209","0.8242","0.3187","0.1319","0.3516","1.7473","0.1538","4.9451","0.044","0","0","0","0","0","0","0","0","0","0","0","0","0","0","0","0","0","0","0","0","","16889","3596","405","131","35","604","0","73","19","16","26","0","23","238","44","69","69","17.9","0.1","0.6","0.2","3","0","0.4","0.1","0.1","0.1","0","0.2","1.2","0.2","0.3","0.4"
"County","state","2020","county","18","Indiana","IN","18149","Starke County","18149","22996","0","11185","35","8490","330","6153","825","553","159","1699","238","2386","274","1518","324","4203","23","5435","68","3447","369","331","131","90","111","1452","203","201","79","1028","166","127","67","429","125","63","32","26.9","3.6","5.6","1.6","20","2.7","15.1","1.7","6.6","1.4","18.3","0.1","23.6","0.3","15","1.6","3.9","1.5","0.4","0.5","6.3","0.9","1.8","0.7","9.2","1.5","1.5","0.8","5.1","1.4","0.3","0.1","0.8462","0.8681","0.2857","0.8901","0.3297","3.2198","0.7473","0.6264","0.6813","0.4835","0.1209","0.3407","2.2528","0.3846","0.4286","0.4286","0.4286","0.1538","0.6923","0.4396","0.5055","0","1.7912","0.1978","7.6924","0.4615","0","0","0","0","0","0","0","0","0","0","0","0","0","0","0","0","0","0","0","0","","17561","4844","713","166","126","919","0","58","18","0","23","0","23","306","157","3","3","21.1","3.1","0.7","0.5","4","0","0.3","0.1","0","0.2","0","0.2","1.3","0.7","0","0.1"
"County","state","2020","county","18","Indiana","IN","18151","Steuben County","18151","34591","0","20147","119","14449","371","6009","899","1043","274","2510","346","2068","349","2505","483","6956","61","7057","65","4618","405","385","110","177","138","2237","157","561","159","2290","329","44","54","731","189","1366","224","18.2","2.7","5.8","1.5","17.4","2.4","8.6","1.5","7.3","1.4","20.1","0.2","20.4","0.2","13.4","1.2","2.7","0.8","0.5","0.4","6.5","0.5","2.8","0.8","11.4","1.6","0.3","0.4","5.1","1.3","3.9","0.6","0.3516","0.8901","0.4835","0.1868","0.4615","2.3735","0.4066","0.9011","0.0659","0.2418","0","0.4176","1.6264","0.0659","0.4505","0.4505","0.4505","0.3516","0.7692","0","0.5055","0.8022","2.4285","0.4835","6.8789","0.3187","0","0","0","0","0","0","1","0","0","0","0","1","0","0","0","0","0","0","0","0","","31718","4834","711","130","73","1288","0","193","80","14","12","0","26","601","110","11","11","14.5","0.1","0.4","0.2","3.7","0","0.6","0.2","0","0.1","0","0.1","1.7","0.3","0","0.1"
"County","state","2020","county","18","Indiana","IN","18153","Sullivan County","18153","20647","0","8982","102","7806","252","5033","580","384","174","1472","276","1755","270","1711","441","3635","30","4017","0","3459","386","569","185","94","122","1783","283","449","172","1122","273","247","146","416","129","2169","232","27.4","3.1","4.2","1.9","18.9","3.5","11.7","1.8","9.2","2.4","17.6","0.1","19.5","0","18.7","2","7.3","2.4","0.5","0.6","8.6","1.4","5","1.9","12.5","3","3.2","1.9","5.3","1.6","10.5","1.1","0.8571","0.4945","0.2088","0.5934","0.7912","2.945","0.6593","0.4396","0.0549","0.8681","0.8132","0.4176","2.5934","0.6044","0.6044","0.6044","0.6044","0.6703","0.8242","0.9121","0.5714","0.989","3.967","0.989","10.1098","0.8681","0","0","0","0","0","0","0","0","0","0","0","0","0","0","0","0","1","0","1","2","","18336","3812","704","771","164","368","0","157","148","27","34","0","23","402","155","58","58","20.6","0.3","3.7","0.8","1.8","0","0.8","0.7","0.1","0.2","0","0.2","1.9","0.8","0.3","0.4"
"County","state","2020","county","18","Indiana","IN","18155","Switzerland County","18155","10727","0","5395","32","4430","184","3472","583","265","107","1034","200","1174","217","1311","362","2007","104","2656","101","2057","320","238","97","29","77","511","141","108","40","1067","202","189","86","231","90","103","31","32.7","5.5","5.5","2.2","23.3","4.4","16","2.9","12.3","3.4","18.7","1","24.8","0.9","19.4","3","5.4","2.2","0.3","0.8","4.8","1.3","2","0.7","19.8","3.7","4.3","1.9","5.2","2","1","0.3","1","0.8352","0.0989","0.9011","0.9341","3.7693","0.956","0.6484","0.8571","0.9451","0.3626","0.2198","3.033","0.8242","0.1758","0.1758","0.1758","0.1868","0.967","0.978","0.5385","0.1319","2.8022","0.6923","9.7803","0.8132","1","0","0","1","1","3","0","0","1","0","0","1","0","0","0","1","1","0","0","2","","7500","2597","455","63","62","211","0","73","81","0","19","0","19","164","94","0","0","24.4","0.1","0.6","0.6","2","0","0.7","0.8","0","0.3","0","0.3","1.5","0.9","0","0.3"
"County","state","2020","county","18","Indiana","IN","18157","Tippecanoe County","18157","193302","0","77128","626","71686","1015","49244","2316","3923","514","21697","1443","8468","690","12417","1084","21986","145","39609","77","18766","1085","4283","560","2668","365","48053","1017","13390","1087","2402","337","1055","280","5789","750","17107","1474","28","1.3","4","0.5","30.3","2","7.9","0.6","6.5","0.6","11.4","0.1","20.5","0","9.8","0.6","6","0.8","1.5","0.2","24.9","0.5","17.4","1.4","3.1","0.4","1.5","0.4","8.1","1","8.8","0.8","0.8791","0.4286","0.9451","0.1319","0.3077","2.6924","0.5714","0","0.0879","0.022","0.5714","0.8571","1.5384","0.044","0.9451","0.9451","0.9451","1","0.1209","0.4396","0.9011","0.967","3.4286","0.9011","8.6045","0.6374","0","0","1","0","0","1","0","0","0","0","0","0","1","1","1","0","0","1","1","3","","204872","18807","2707","10618","402","16372","0","15574","428","361","115","71","83","4285","612","772","772","10.7","0.1","5.5","0.2","8.5","0","8.1","0.2","0.2","0.1","0","0.1","2.2","0.3","0.4","0.2"
"County","state","2020","county","18","Indiana","IN","18159","Tipton County","18159","15154","0","7021","41","6360","203","2580","416","275","133","884","197","996","194","1293","420","3136","48","3176","100","2217","295","250","106","84","102","824","54","0","26","580","138","43","48","111","52","232","91","17.4","2.8","3.4","1.7","13.9","3.1","9.2","1.8","8.6","2.8","20.7","0.3","21","0.7","14.8","2","3.9","1.7","0.6","0.7","5.4","0.4","0","0.4","8.3","2","0.7","0.8","1.7","0.8","1.5","0.6","0.2967","0.2308","0.0769","0.2527","0.7363","1.5934","0.1978","0.9451","0.1648","0.4505","0.1209","0.5385","2.2198","0.3407","0.3077","0.3077","0.3077","0","0.6374","0.0549","0","0.4066","1.0989","0.022","5.2198","0.0879","0","0","0","0","0","0","1","0","0","0","0","1","0","0","0","0","0","0","0","0","","11479","2063","403","8","13","458","0","62","31","0","19","0","19","296","33","0","0","13.8","0.1","0.1","0.1","3","0","0.4","0.2","0","0.2","0","0.2","2","0.2","0","0.2"
"County","state","2020","county","18","Indiana","IN","18161","Union County","18161","7140","0","3266","24","2848","110","1185","307","106","66","554","118","625","142","557","153","1398","54","1494","61","1144","185","160","61","26","70","363","89","64","39","355","113","44","39","148","64","64","50","17.1","4.4","2.9","1.8","19.5","4.1","12.3","2.8","7.9","2.2","19.6","0.8","20.9","0.9","16.1","2.6","5.6","2.1","0.4","1","5.1","1.2","2","1.2","10.9","3.5","1.5","1.4","5.2","2.2","0.9","0.7","0.2527","0.1209","0.022","0.7363","0.6044","1.7363","0.2527","0.7912","0.1319","0.5934","0.4505","0.3407","2.3077","0.4505","0.2418","0.2418","0.2418","0.1868","0.7582","0.4396","0.5385","0.0659","1.989","0.2747","6.2748","0.2308","0","0","0","0","0","0","0","0","0","0","0","0","0","0","0","0","0","0","0","0","","5455","1632","378","6","8","155","0","132","60","0","17","0","17","70","61","0","0","23.1","0.2","0.1","0.1","2.2","0","1.8","0.8","0","0.5","0","0.5","1","0.8","0","0.5"
"County","state","2020","county","18","Indiana","IN","18163","Vanderburgh County","18163","181548","0","84478","276","76094","730","43864","2283","4671","647","21126","1084","12111","963","13883","1027","30633","125","39248","50","26944","1262","5708","593","1110","369","30604","1036","9053","751","2116","348","936","226","5799","581","6732","629","25.1","1.3","5","0.7","27.8","1.4","9.7","0.8","7.8","0.6","16.9","0.1","21.6","0","15","0.7","7.5","0.8","0.7","0.2","16.9","0.6","10.7","0.9","2.5","0.4","1.2","0.3","7.6","0.8","3.7","0.3","0.7473","0.7473","0.9341","0.3077","0.5824","3.3188","0.7912","0.3187","0.2527","0.4835","0.8571","0.6044","2.5164","0.5495","0.8571","0.8571","0.8571","0.967","0.0769","0.3187","0.8352","0.7802","2.978","0.7363","9.6703","0.7582","0","0","1","0","0","1","0","0","0","0","0","0","0","0","1","0","0","0","0","1","","209817","20419","1468","17189","688","5034","0","2399","235","104","67","342","42","5248","703","288","288","11.7","0","9.5","0.4","2.8","0","1.3","0.1","0.1","0.1","0.2","0.1","2.9","0.4","0.2","0.1"
"County","state","2020","county","18","Indiana","IN","18165","Vermillion County","18165","15485","0","7512","71","6557","222","3867","606","589","184","1074","206","907","188","785","161","3075","24","3382","61","3003","323","550","152","48","86","548","149","233","98","562","120","198","106","245","74","231","115","25.5","4","8","2.4","16.4","3.1","8.3","1.7","5.1","1","19.9","0.2","21.8","0.4","19.7","2.1","8.4","2.3","0.3","0.6","3.5","1","3.1","1.3","7.5","1.6","3","1.6","3.7","1.1","1.5","0.7","0.7802","1","0.1209","0.1648","0.1538","2.2197","0.3516","0.8681","0.3077","0.967","0.956","0.2198","3.3186","0.9341","0.022","0.022","0.022","0.4066","0.5385","0.9011","0.1868","0.4066","2.4396","0.5165","7.9999","0.5385","0","1","0","0","0","1","0","0","1","1","0","2","0","0","0","0","1","0","0","1","","12815","2351","491","106","106","208","0","44","57","28","23","8","14","154","81","0","0","15.4","0.1","0.7","0.7","1.3","0","0.3","0.4","0.2","0.1","0.1","0.1","1","0.5","0","0.2"
"County","state","2020","county","18","Indiana","IN","18167","Vigo County","18167","107305","0","47351","276","42657","606","29022","1732","3056","433","12210","986","7196","726","7209","949","17535","97","21890","0","18139","1290","2769","378","507","203","15846","657","3630","514","1314","223","1168","337","3416","428","8354","646","29.4","1.7","5.9","0.8","28.6","2.3","10.4","1","7","0.9","16.3","0.1","20.4","0","17.6","1.2","6.5","0.9","0.5","0.2","14.8","0.6","7.7","1.1","2.8","0.5","2.7","0.8","8","1","7.8","0.6","0.9121","0.9121","0.8791","0.4286","0.4066","3.5385","0.9011","0.2198","0.0659","0.7912","0.7253","0.4176","2.2198","0.3407","0.7912","0.7912","0.7912","0.8681","0.0989","0.8352","0.8791","0.9231","3.6044","0.9341","10.1539","0.8791","1","1","0","0","0","2","0","0","0","0","0","0","0","0","0","0","0","0","1","1","","114909","11681","1334","7702","371","2971","0","2112","241","175","74","73","65","2666","434","147","147","11.8","0.1","7.2","0.3","2.8","0","2","0.2","0.2","0.1","0.1","0.1","2.5","0.4","0.1","0.1"
"County","state","2020","county","18","Indiana","IN","18169","Wabash County","18169","31198","0","14162","156","12705","350","6542","737","654","133","2288","312","2207","358","2483","368","6492","73","6441","80","4504","377","832","202","115","113","1842","298","391","128","591","151","160","93","652","168","1929","325","22.4","2.5","4.3","0.9","18","2.4","10.3","1.7","8.2","1.2","20.8","0.2","20.6","0.3","14.9","1.2","6.5","1.6","0.4","0.4","5.9","1","2.8","0.9","4.2","1.1","1.3","0.7","5.1","1.3","6.2","1","0.5824","0.5495","0.4176","0.4176","0.6593","2.6264","0.5495","0.956","0.1099","0.4725","0.7253","0.3407","2.6044","0.6264","0.3626","0.3626","0.3626","0.3516","0.2418","0.3846","0.5055","0.8571","2.3406","0.4396","7.934","0.5275","0","0","0","0","0","0","1","0","0","0","0","1","0","0","0","0","0","0","0","0","","29219","4544","739","309","49","832","0","162","46","262","48","11","15","266","123","0","0","15.5","0.2","1","0.2","2.7","0","0.5","0.1","0.8","0.2","0","0.1","0.9","0.4","0","0.1"
"County","state","2020","county","18","Indiana","IN","18171","Warren County","18171","8219","0","3760","50","3383","126","1290","224","133","67","517","108","404","98","369","112","1713","40","1768","26","1374","166","102","38","6","66","367","56","33","19","167","56","45","33","88","50","91","109","15.9","2.8","3.2","1.5","15.3","3.1","6.8","1.7","4.5","1.4","20.8","0.5","21.5","0.3","16.9","2","3","1.1","0.1","0.8","4.5","0.7","0.9","0.5","4.4","1.5","1.3","1","2.6","1.4","1.1","1.3","0.1538","0.1758","0.011","0.0659","0.0549","0.4614","0","0.956","0.2088","0.6703","0.022","0.0549","1.912","0.1538","0.1099","0.1099","0.1099","0.0549","0.2747","0.3846","0.0659","0.2088","0.9889","0.011","3.4722","0","0","0","0","0","0","0","1","0","0","0","0","1","0","0","0","0","0","0","0","0","","5891","771","196","52","35","166","0","19","11","0","17","0","17","118","36","12","12","9.5","0.1","0.6","0.4","2","0","0.2","0.1","0","0.4","0","0.4","1.4","0.4","0.1","0.2"
"County","state","2020","county","18","Indiana","IN","18173","Warrick County","18173","62608","0","26309","86","24607","419","6726","819","1141","285","3987","450","2535","376","2342","458","10882","96","14940","20","7574","636","1309","276","318","174","5500","502","1117","237","1382","265","235","109","525","158","794","200","10.9","1.3","3.5","0.9","16.2","1.8","5.9","0.9","3.8","0.7","17.4","0.2","23.9","0","12.2","1","5.3","1.1","0.5","0.3","8.8","0.8","4.2","0.9","5.3","1","1","0.4","2.1","0.6","1.3","0.3","0.033","0.3077","0.7143","0.033","0.011","1.099","0.0549","0.3846","0.7473","0.0989","0.3516","0.4176","2","0.2198","0.6154","0.6154","0.6154","0.5495","0.3736","0.1868","0.022","0.2967","1.4286","0.0989","5.143","0.0659","0","0","0","0","0","0","0","0","0","0","0","0","0","0","0","0","0","0","0","0","","47696","5026","619","1147","163","1213","0","1768","91","54","49","4","6","997","364","317","317","8.1","0","1.8","0.3","1.9","0","2.8","0.1","0.1","0.1","0","0.1","1.6","0.6","0.5","0.5"
"County","state","2020","county","18","Indiana","IN","18175","Washington County","18175","27942","0","12454","58","10820","269","6815","858","548","144","2073","288","2880","301","2479","658","4760","46","6399","80","4787","425","623","152","41","87","930","73","94","49","2225","292","101","50","729","168","280","136","24.8","3.1","4.2","1.1","19.2","2.6","14.8","1.6","9","2.4","17","0.2","22.9","0.3","17.3","1.5","5.8","1.4","0.2","0.3","3.3","0.3","0.8","0.4","17.9","2.3","0.9","0.5","6.7","1.5","1","0.5","0.7253","0.4945","0.3736","0.8462","0.7582","3.1978","0.7363","0.3297","0.5824","0.7033","0.5275","0.1538","2.2967","0.4286","0","0","0","0.033","0.956","0.1538","0.7802","0.1319","2.0549","0.3187","7.5494","0.4396","0","0","0","0","0","0","0","0","0","0","0","0","0","0","0","1","0","0","0","1","","20527","4993","675","18","29","374","0","96","37","10","15","0","23","419","47","13","13","18.1","0.1","0.1","0.1","1.3","0","0.3","0.1","0","0.1","0","0.1","1.5","0.2","0","0.1"
"County","state","2020","county","18","Indiana","IN","18177","Wayne County","18177","66176","0","31446","136","27435","429","16478","1300","1427","288","6595","595","5546","524","7402","747","12562","53","14616","27","11374","654","2095","337","509","191","8166","557","1742","278","1031","190","301","118","2062","316","2751","319","26","2","4.5","0.9","24","2.1","12.2","1.2","11.4","1.1","19","0.1","22.1","0","17.6","1","7.6","1.2","0.8","0.3","12.3","0.8","5.5","0.9","3.3","0.6","1.1","0.4","7.5","1.2","4.2","0.5","0.8022","0.6374","0.8022","0.7143","0.9231","3.8792","0.967","0.6923","0.3736","0.7912","0.8681","0.6703","3.3955","0.9451","0.7143","0.7143","0.7143","0.7363","0.1429","0.2418","0.8132","0.8132","2.7474","0.6813","10.7364","0.967","0","0","0","0","1","1","0","0","0","0","0","0","0","0","0","0","0","0","0","0","","69789","12276","1181","3133","361","2065","0","847","112","46","37","1","3","1889","366","185","185","19.4","0.1","4.7","0.5","3.1","0","1.3","0.2","0.1","0.1","0","0.1","2.9","0.6","0.3","0.3"
"County","state","2020","county","18","Indiana","IN","18179","Wells County","18179","28010","0","11923","76","11122","219","4622","658","384","131","2102","282","1475","220","1512","344","5079","85","6955","62","3519","354","647","135","50","94","1762","208","297","86","815","192","68","62","441","122","601","175","16.9","2.4","2.6","0.9","18.9","2.5","7.8","1.2","5.5","1.2","18.1","0.3","24.8","0.2","12.8","1.3","5.8","1.2","0.2","0.4","6.3","0.7","2.5","0.7","6.8","1.6","0.6","0.6","4","1.1","2.1","0.6","0.2308","0.0659","0.3846","0.1209","0.1868","0.989","0.022","0.5604","0.8571","0.1868","0.5275","0.1538","2.2856","0.4176","0.4286","0.4286","0.4286","0.3077","0.5055","0.044","0.2857","0.6813","1.8242","0.2088","5.5274","0.1209","0","0","0","0","0","0","0","0","0","0","0","0","0","0","0","0","0","0","0","0","","24699","3829","622","228","109","873","0","107","87","57","54","0","23","497","140","0","0","14","0.1","0.8","0.4","3.1","0","0.4","0.3","0.2","0.2","0","0.1","1.8","0.5","0","0.1"
"County","state","2020","county","18","Indiana","IN","18181","White County","18181","24163","0","13153","58","9792","305","4319","508","516","149","1942","294","1800","237","2004","331","4793","22","5636","18","4031","386","465","147","397","152","2678","171","298","165","1507","225","133","74","260","120","296","111","18.1","2.1","4.5","1.3","19.8","2.9","10.8","1.4","8.4","1.4","19.8","0.1","23.3","0.1","16.9","1.6","4.7","1.5","1.8","0.7","11.1","0.7","2.3","1.3","11.5","1.7","1.4","0.8","2.7","1.2","1.2","0.5","0.3297","0.6374","0.3516","0.4945","0.7143","2.5275","0.4615","0.8352","0.6374","0.6703","0.2198","0.8791","3.2418","0.8901","0.6813","0.6813","0.6813","0.2637","0.7802","0.4066","0.0769","0.2418","1.7692","0.1868","8.2198","0.5934","0","0","0","0","0","0","0","0","0","0","0","0","0","0","0","0","0","0","0","0","","20645","3517","511","149","29","2083","0","79","45","138","42","0","23","229","80","0","0","14.7","0.1","0.6","0.1","8.6","0","0.3","0.2","0.6","0.2","0","0.1","0.9","0.3","0","0.1"
"County","state","2020","county","18","Indiana","IN","18183","Whitley County","18183","33899","0","14911","75","13822","313","5360","818","792","230","2444","335","2018","361","2474","612","6057","56","7808","0","4749","490","883","217","27","94","1798","211","477","180","891","263","71","53","435","144","441","150","16.1","2.5","4.4","1.3","17.7","2.4","8.6","1.5","7.4","1.8","17.9","0.2","23","0","14.2","1.5","6.4","1.6","0.1","0.3","5.3","0.6","3.2","1.2","6","1.8","0.5","0.4","3.1","1","1.3","0.4","0.1868","0.5604","0.4615","0.1868","0.5055","1.901","0.3077","0.5275","0.5934","0.3626","0.7033","0.0549","2.2417","0.3736","0.2747","0.2747","0.2747","0.4176","0.4286","0.033","0.1209","0.2967","1.2968","0.0659","5.7142","0.1429","0","0","0","0","0","0","0","0","0","0","0","0","0","0","0","0","0","0","0","0","","30809","4081","727","128","48","726","0","121","58","65","49","0","26","747","184","11","11","12.2","0.1","0.4","0.1","2.1","0","0.4","0.2","0.2","0.1","0","0.1","2.2","0.5","0","0.1"